side,group,value,n,FORCE_rate,FORCE_ci95,ECO_rate,ECO_ci95,LIGHT_rate,LIGHT_ci95,mean_spend_ratio,median_spend_ratio
ct,T_survivors,0,12,0.8333,"[0.583,1.000]",0.1667,"[0.000,0.417]",0.0,"[0.000,0.000]",0.7966,0.9314
ct,T_survivors,1,20,0.9,"[0.762,1.000]",0.05,"[0.000,0.143]",0.05,"[0.000,0.167]",0.8715,0.9167
ct,T_survivors,2,59,0.8136,"[0.707,0.905]",0.1525,"[0.068,0.254]",0.0339,"[0.000,0.086]",0.7743,0.9106
ct,T_survivors,3,52,0.8077,"[0.694,0.909]",0.1538,"[0.057,0.261]",0.0385,"[0.000,0.096]",0.7694,0.9062
ct,T_survivors,4,43,0.7674,"[0.609,0.909]",0.1628,"[0.048,0.296]",0.0698,"[0.000,0.150]",0.7611,0.9061
ct,T_survivors,5,13,0.7692,"[0.538,0.925]",0.2308,"[0.075,0.462]",0.0,"[0.000,0.000]",0.7098,0.9095
ct,T_survivors_band,0-1,32,0.875,"[0.758,0.969]",0.0938,,0.0312,,0.8434,0.924
ct,T_survivors_band,2-3,111,0.8108,"[0.733,0.882]",0.1532,,0.036,,0.772,0.9064
ct,T_survivors_band,4-5,56,0.7679,"[0.645,0.887]",0.1786,,0.0536,,0.7492,0.9078
