side,components,n,bic,means,sds,weights
all,1,404,445.7,[0.6197],[0.4139],[1.0]
all,2,404,-470.8,"[0.0593, 0.9169]","[0.0769, 0.0641]","[0.3465, 0.6535]"
all,3,404,-582.8,"[0.0465, 0.6586, 0.929]","[0.0503, 0.2264, 0.0437]","[0.329, 0.07, 0.601]"
t,1,205,256.4,[0.4669],[0.4406],[1.0]
t,2,205,-187.2,"[0.059, 0.9301]","[0.0752, 0.0685]","[0.5317, 0.4683]"
t,3,205,-274.7,"[0.0457, 0.6752, 0.9557]","[0.0513, 0.2559, 0.0238]","[0.5004, 0.1192, 0.3804]"
ct,1,199,114.9,[0.7771],[0.3145],[1.0]
ct,2,199,-335.4,"[0.0604, 0.9093]","[0.0824, 0.0602]","[0.1558, 0.8442]"
ct,3,199,-385.6,"[0.0477, 0.7353, 0.9178]","[0.045, 0.1292, 0.0456]","[0.1508, 0.0523, 0.797]"
