match_series,map,half,post_pistol_round,team,side,team_spend_ratio,team_start_money,team_money_spent,branch,p_force,p_light,p_eco
p-r1-qf1,p-r1-qf1-m3-de_overpass,h2,14,FURIA,t,0.03902439024390244,10250,400,ECO,5e-324,0.002184385451491254,0.9978156145485088
p-r1-qf2,p-r1-qf2-m2-de_anubis,h1,2,BetBoom,t,0.3230240549828179,14550,4700,LIGHT,7.042268051018671e-153,0.9999761505172857,2.3849482714254136e-05
p-r1-qf3,p-r1-qf3-m1-de_overpass,h1,2,G2,t,0.9422222222222222,11250,10600,FORCE,0.9805384280689021,0.019461571931097894,2.6299831548792342e-67
p-r1-qf3,p-r1-qf3-m1-de_overpass,h2,14,Spirit,t,0.6790697674418604,10750,7300,LIGHT,1.176522539552774e-28,1.0,1.4733908981169714e-32
p-r1-qf3,p-r1-qf3-m2-de_dust2,h1,2,Spirit,t,0.004975124378109453,10050,50,ECO,0.0,0.0021156132651794068,0.9978843867348207
p-r1-qf4,p-r1-qf4-m1-de_anubis,h1,2,Vitality,t,0.7859649122807018,14250,11200,LIGHT,3.0296958082654997e-10,0.9999999996970304,1.1838679720737358e-44
p-r1-qf4,p-r1-qf4-m1-de_anubis,h2,14,Falcons,t,0.06542056074766354,10700,700,ECO,1.3268846674330038e-305,0.002994698293022883,0.9970053017069771
p-r1-qf4,p-r1-qf4-m2-de_inferno,h1,2,Vitality,t,0.9198606271777003,14350,13200,FORCE,0.9454785889947059,0.054521411005294076,1.2644959462844436e-63
p-r2-sf1,p-r2-sf1-m1-de_dust2,h1,2,FURIA,t,0.18604651162790697,10750,2000,ECO,4.737003614038886e-227,0.245522527041857,0.7544774729581429
p-r2-sf1,p-r2-sf1-m1-de_dust2,h2,14,Aurora,t,0.9786476868327402,14050,13750,FORCE,0.9775866306585006,0.022413369341499362,1.1028094166760481e-72
p-r2-sf1,p-r2-sf1-m2-de_nuke,h1,2,FURIA,t,0.8792270531400966,10350,9100,LIGHT,0.2084696857057401,0.79153031429426,8.676261372003583e-57
p-r2-sf1,p-r2-sf1-m2-de_nuke,h2,14,Aurora,t,0.01951219512195122,10250,200,ECO,0.0,0.002036625715427853,0.997963374284572
p-r2-sf2,p-r2-sf2-m1-de_anubis,h1,2,Spirit,t,0.0,10000,0,ECO,0.0,0.0021816064945154963,0.9978183935054845
p-r2-sf2,p-r2-sf2-m2-de_mirage,h1,2,Spirit,t,0.0,10350,0,ECO,0.0,0.0021816064945154963,0.9978183935054845
p-r2-sf2,p-r2-sf2-m3-de_dust2,h1,2,Falcons,t,0.2744186046511628,10750,2950,LIGHT,2.4119989948485757e-177,0.9966110807711637,0.0033889192288362024
p-r2-sf2,p-r2-sf2-m3-de_dust2,h2,14,Spirit,t,0.0,10350,0,ECO,0.0,0.0021816064945154963,0.9978183935054845
p-r3-gf1,p-r3-gf1-m1-de_mirage,h1,2,FURIA,t,0.0,10750,0,ECO,0.0,0.0021816064945154963,0.9978183935054845
p-r3-gf1,p-r3-gf1-m2-de_anubis,h1,2,FURIA,t,0.9615384615384616,14300,13750,FORCE,0.9842272148744922,0.01577278512550773,2.9562729513753543e-70
s1-r1-m4,s1-r1-m4-m1-de_mirage,h1,2,TYLOO,t,0.8996655518394648,14950,13450,FORCE,0.7567034957616976,0.2432965042383024,4.0224717493574286e-60
s1-r1-m5,s1-r1-m5-m1-de_nuke,h1,2,Sharks,t,0.9658536585365853,10250,9900,FORCE,0.9835647296968759,0.01643527030312413,6.951310956021524e-71
s1-r1-m5,s1-r1-m5-m1-de_nuke,h2,14,HEROIC,t,0.8625429553264605,14550,12550,LIGHT,0.019962172264606483,0.9800378277353936,1.928360901084154e-54
s1-r1-m6,s1-r1-m6-m1-de_inferno,h2,14,GamerLegion,t,0.9590909090909091,11000,10550,FORCE,0.9843690019208525,0.015630998079147626,6.795581500766011e-70
s1-r1-m7,s1-r1-m7-m1-de_dust2,h2,14,BetBoom,t,0.06334841628959276,11050,700,ECO,4.949322771816468e-307,0.002894766447693351,0.9971052335523067
s1-r2-l1,s1-r2-l1-m1-de_dust2,h1,2,Lynn Vision,t,0.9765258215962441,10650,10400,FORCE,0.9791184986203108,0.020881501379689218,2.159489010832742e-72
s1-r2-l1,s1-r2-l1-m1-de_dust2,h2,14,HEROIC,t,0.0,10700,0,ECO,0.0,0.0021816064945154963,0.9978183935054845
s1-r2-l2,s1-r2-l2-m1-de_nuke,h1,2,TYLOO,t,0.0,10700,0,ECO,0.0,0.0021816064945154963,0.9978183935054845
s1-r2-l2,s1-r2-l2-m1-de_nuke,h2,14,MIBR,t,0.9813084112149533,10700,10500,FORCE,0.9752413949568756,0.024758605043124486,4.7883840818128546e-73
s1-r2-l3,s1-r2-l3-m1-de_nuke,h1,2,NRG,t,0.9757785467128027,14450,14100,FORCE,0.9795955863128424,0.020404413687157487,2.74002542489152e-72
s1-r2-l3,s1-r2-l3-m1-de_nuke,h2,14,SINNERS,t,0.0,9900,0,ECO,0.0,0.0021816064945154963,0.9978183935054845
s1-r2-l4,s1-r2-l4-m1-de_nuke,h1,2,Gaimin Gladiators,t,0.0,10000,0,ECO,0.0,0.0021816064945154963,0.9978183935054845
s1-r2-w1,s1-r2-w1-m1-de_dust2,h1,2,THUNDER dOWNUNDER,t,0.07560137457044673,14550,1100,ECO,1.2661853444803212e-298,0.0036191753846070737,0.996380824615393
s1-r2-w1,s1-r2-w1-m1-de_dust2,h2,14,B8,t,0.9543859649122807,14250,13600,FORCE,0.9841843035792667,0.015815696420733313,3.444103435770468e-69
s1-r2-w2,s1-r2-w2-m1-de_mirage,h1,2,Sharks,t,0.9753694581280788,10150,9900,FORCE,0.9798440180645118,0.020155981935488156,3.122476762141046e-72
s1-r2-w2,s1-r2-w2-m1-de_mirage,h2,14,M80,t,0.004761904761904762,10500,50,ECO,0.0,0.002118008202516103,0.9978819917974838
s1-r2-w4,s1-r2-w4-m1-de_dust2,h1,2,Liquid,t,0.2318840579710145,10350,2400,LIGHT,2.777755596988329e-200,0.8861134398382969,0.113886560161703
s1-r2-w4,s1-r2-w4-m1-de_dust2,h2,14,BetBoom,t,0.0,10150,0,ECO,0.0,0.0021816064945154963,0.9978183935054845
s1-r3-a2,s1-r3-a2-m1-de_ancient,h2,14,M80,t,0.0,10750,0,ECO,0.0,0.0021816064945154963,0.9978183935054845
s1-r3-a2,s1-r3-a2-m2-de_inferno,h1,2,B8,t,0.0,10100,0,ECO,0.0,0.0021816064945154963,0.9978183935054845
s1-r3-a2,s1-r3-a2-m2-de_inferno,h2,14,M80,t,0.968421052631579,14250,13800,FORCE,0.9828986286975033,0.017101371302496737,2.9733502006969113e-71
s1-r3-e2,s1-r3-e2-m1-de_dust2,h1,2,HEROIC,t,0.0,10800,0,ECO,0.0,0.0021816064945154963,0.9978183935054845
s1-r3-e2,s1-r3-e2-m1-de_dust2,h2,14,Gaimin Gladiators,t,0.9103448275862069,14500,13200,FORCE,0.8940400054130804,0.10595999458691968,5.531901333940799e-62
s1-r3-e2,s1-r3-e2-m2-de_inferno,h2,14,HEROIC,t,0.9611307420494699,14150,13600,FORCE,0.9842622456783345,0.015737754321665454,3.3940229368333714e-70
s1-r3-m1,s1-r3-m1-m1-de_mirage,h1,2,FlyQuest,t,0.9616724738675958,14350,13800,FORCE,0.9842146928889072,0.015785307111092942,2.825234858970043e-70
s1-r3-m3,s1-r3-m3-m1-de_inferno,h1,2,BIG,t,0.9745454545454545,13750,13400,FORCE,0.9803182400024099,0.019681759997590104,4.065295240427409e-72
s1-r3-m4,s1-r3-m4-m1-de_mirage,h1,2,MIBR,t,0.0,10750,0,ECO,0.0,0.0021816064945154963,0.9978183935054845
s1-r4-a1,s1-r4-a1-m1-de_overpass,h1,2,BIG,t,0.1346153846153846,10400,1400,ECO,2.087760363329771e-259,0.02252380419294086,0.9774761958070591
s1-r4-a1,s1-r4-a1-m2-de_ancient,h2,14,BIG,t,0.06698564593301436,10450,700,ECO,1.5844981409387536e-304,0.00307563687682221,0.9969243631231777
s1-r4-a2,s1-r4-a2-m2-de_inferno,h1,2,Lynn Vision,t,0.8136200716845878,13950,11350,LIGHT,6.676222662210795e-07,0.9999993323777338,4.4561028274711596e-48
s1-r4-a3,s1-r4-a3-m1-de_ancient,h1,2,NRG,t,0.9377289377289377,13650,12800,FORCE,0.9775968444410891,0.02240315555891095,1.3721501312056068e-66
s1-r4-a3,s1-r4-a3-m2-de_inferno,h1,2,M80,t,0.9368421052631579,14250,13350,FORCE,0.9768723812899228,0.023127618710077045,1.9071337344767597e-66
s1-r4-e1,s1-r4-e1-m1-de_anubis,h2,14,FlyQuest,t,0.9592760180995475,11050,10600,FORCE,0.9843639875389257,0.015636012461074215,6.379161099903226e-70
s1-r4-e1,s1-r4-e1-m2-de_inferno,h1,2,THUNDER dOWNUNDER,t,0.9370629370629371,14300,13400,FORCE,0.9770577890538767,0.02294221094612334,1.7568526763620332e-66
s1-r4-e1,s1-r4-e1-m2-de_inferno,h2,14,FlyQuest,t,0.9383886255924171,10550,9900,FORCE,0.9781021298193198,0.0218978701806802,1.0748226153198783e-66
s1-r4-e2,s1-r4-e2-m1-de_nuke,h2,14,TYLOO,t,0.0,10100,0,ECO,0.0,0.0021816064945154963,0.9978183935054845
s1-r4-e2,s1-r4-e2-m2-de_inferno,h1,2,TYLOO,t,0.0,10450,0,ECO,0.0,0.0021816064945154963,0.9978183935054845
s1-r5-d1,s1-r5-d1-m2-de_inferno,h1,2,TYLOO,t,0.9392523364485982,10700,10050,FORCE,0.9787228083885402,0.021277191611459818,7.81355166394224e-67
s1-r5-d1,s1-r5-d1-m2-de_inferno,h2,14,Lynn Vision,t,0.9552238805970149,10050,9600,FORCE,0.9842615193216121,0.015738480678387907,2.5738771613059093e-69
s1-r5-d2,s1-r5-d2-m1-de_anubis,h1,2,Liquid,t,0.0594059405940594,10100,600,ECO,9.3303938559797e-310,0.002725474648248693,0.9972745253517513
s1-r5-d2,s1-r5-d2-m2-de_inferno,h1,2,Liquid,t,0.06542056074766354,10700,700,ECO,1.3268846674330038e-305,0.002994698293022883,0.9970053017069771
s1-r5-d3,s1-r5-d3-m1-de_dust2,h1,2,BIG,t,0.17454545454545456,13750,2400,ECO,4.0698293418507827e-234,0.14201863485611688,0.8579813651438831
s1-r5-d3,s1-r5-d3-m1-de_dust2,h2,14,NRG,t,0.0,10400,0,ECO,0.0,0.0021816064945154963,0.9978183935054845
s1-r5-d3,s1-r5-d3-m3-de_mirage,h1,2,BIG,t,0.9497716894977168,10950,10400,FORCE,0.9833952229961811,0.016604777003818946,1.7420976002445267e-68
s1-r5-d3,s1-r5-d3-m3-de_mirage,h2,14,NRG,t,0.04524886877828054,11050,500,ECO,1.28353e-319,0.0022999184899233148,0.9977000815100767
s2-r1-m1,s2-r1-m1-m1-de_ancient,h1,2,GamerLegion,t,0.08108108108108109,11100,900,ECO,6.81132412766902e-295,0.004070438874609106,0.995929561125391
s2-r1-m1,s2-r1-m1-m1-de_ancient,h2,14,Astralis,t,0.01932367149758454,10350,200,ECO,0.0,0.0020366263848805356,0.9979633736151196
s2-r1-m2,s2-r1-m2-m1-de_dust2,h1,2,FlyQuest,t,0.9651567944250871,14350,13850,FORCE,0.9837090825333898,0.01629091746661007,8.766912135548657e-71
s2-r1-m2,s2-r1-m2-m1-de_dust2,h2,14,9z,t,0.018867924528301886,10600,200,ECO,0.0,0.002036737025959099,0.9979632629740408
s2-r1-m4,s2-r1-m4-m1-de_mirage,h2,14,paiN,t,0.0,10650,0,ECO,0.0,0.0021816064945154963,0.9978183935054845
s2-r1-m5,s2-r1-m5-m1-de_mirage,h1,2,M80,t,0.9507389162561576,10150,9650,FORCE,0.9836138045528819,0.01638619544711816,1.2372592016514995e-68
s2-r1-m6,s2-r1-m6-m1-de_mirage,h1,2,Monte,t,0.0,9950,0,ECO,0.0,0.0021816064945154963,0.9978183935054845
s2-r1-m7,s2-r1-m7-m1-de_mirage,h1,2,BetBoom,t,0.06222222222222222,11250,700,ECO,8.264045635610635e-308,0.00284372139037537,0.9971562786096245
s2-r1-m8,s2-r1-m8-m1-de_nuke,h2,14,Legacy,t,0.9678571428571429,14000,13550,FORCE,0.9830637064718536,0.016936293528146334,3.58031872834037e-71
s2-r2-l1,s2-r2-l1-m1-de_overpass,h1,2,paiN,t,0.06451612903225806,10850,700,ECO,3.1604308724600254e-306,0.0029500972083280094,0.9970499027916719
s2-r2-l1,s2-r2-l1-m1-de_overpass,h2,14,BIG,t,0.06511627906976744,10750,700,ECO,8.189563831820546e-306,0.0029795193236262425,0.9970204806763737
s2-r2-l2,s2-r2-l2-m1-de_dust2,h1,2,FlyQuest,t,0.8885017421602788,14350,12750,LIGHT,0.4693237383928715,0.5306762616071286,3.1084981693103454e-58
s2-r2-l3,s2-r2-l3-m1-de_nuke,h1,2,GamerLegion,t,0.0,10400,0,ECO,0.0,0.0021816064945154963,0.9978183935054845
s2-r2-l3,s2-r2-l3-m1-de_nuke,h2,14,BetBoom,t,0.8960573476702509,13950,12500,FORCE,0.6796575912333671,0.32034240876663295,1.6861541781960185e-59
s2-r2-l4,s2-r2-l4-m1-de_mirage,h2,14,B8,t,0.061946902654867256,11300,700,ECO,5.333805495882651e-308,0.002831578621725286,0.9971684213782748
s2-r2-w1,s2-r2-w1-m1-de_overpass,h1,2,TYLOO,t,0.9492753623188406,13800,13100,FORCE,0.983271453004609,0.01672854699539085,2.0775249945743103e-68
s2-r2-w2,s2-r2-w2-m1-de_nuke,h2,14,Astralis,t,0.9690721649484536,14550,14100,FORCE,0.9826942382746481,0.017305761725351903,2.400644495225768e-71
s2-r2-w3,s2-r2-w3-m1-de_mirage,h1,2,Monte,t,0.004975124378109453,10050,50,ECO,0.0,0.0021156132651794068,0.9978843867348207
s2-r2-w3,s2-r2-w3-m1-de_mirage,h2,14,G2,t,0.9680365296803652,10950,10600,FORCE,0.9830123758819963,0.016987624118003787,3.374717530926424e-71
s2-r2-w4,s2-r2-w4-m1-de_mirage,h1,2,MIBR,t,0.958139534883721,10750,10300,FORCE,0.9843801472561388,0.01561985274386125,9.41226898689692e-70
s2-r3-a1,s2-r3-a1-m1-de_mirage,h1,2,Spirit,t,0.12556053811659193,11150,1400,ECO,2.759591618457212e-265,0.015727232647828274,0.9842727673521717
s2-r3-a1,s2-r3-a1-m1-de_mirage,h2,14,9z,t,0.0,10750,0,ECO,0.0,0.0021816064945154963,0.9978183935054845
s2-r3-a1,s2-r3-a1-m2-de_nuke,h1,2,9z,t,0.9072164948453608,14550,13200,FORCE,0.865424729096305,0.13457527090369503,1.941588451659656e-61
s2-r3-a2,s2-r3-a2-m1-de_anubis,h1,2,G2,t,0.06511627906976744,10750,700,ECO,8.189563831820546e-306,0.0029795193236262425,0.9970204806763737
s2-r3-a2,s2-r3-a2-m2-de_overpass,h1,2,G2,t,0.990990990990991,11100,11000,FORCE,0.9607442307098609,0.0392557692901391,2.483864201437572e-74
s2-r3-a2,s2-r3-a2-m2-de_overpass,h2,14,FUT,t,0.06511627906976744,10750,700,ECO,8.189563831820546e-306,0.0029795193236262425,0.9970204806763737
s2-r3-a2,s2-r3-a2-m3-de_ancient,h2,14,FUT,t,0.8181818181818182,10450,8550,LIGHT,2.088812908533004e-06,0.9999979111870916,1.1815314604317442e-48
s2-r3-e1,s2-r3-e1-m1-de_nuke,h2,14,FlyQuest,t,0.8960573476702509,13950,12500,FORCE,0.6796575912333671,0.32034240876663295,1.6861541781960185e-59
s2-r3-e2,s2-r3-e2-m2-de_mirage,h1,2,B8,t,0.1278538812785388,10950,1400,ECO,8.601999302378207e-264,0.01718106682976181,0.9828189331702382
s2-r3-e2,s2-r3-e2-m2-de_mirage,h2,14,GamerLegion,t,0.06698564593301436,10450,700,ECO,1.5844981409387536e-304,0.00307563687682221,0.9969243631231777
s2-r3-m1,s2-r3-m1-m1-de_ancient,h1,2,Legacy,t,0.9822064056939501,14050,13800,FORCE,0.9743269909478003,0.02567300905219964,3.620924733249401e-73
s2-r3-m1,s2-r3-m1-m1-de_ancient,h2,14,Monte,t,0.018604651162790697,10750,200,ECO,0.0,0.002036871235171387,0.9979631287648286
s2-r3-m3,s2-r3-m3-m1-de_inferno,h2,14,MIBR,t,0.0,10150,0,ECO,0.0,0.0021816064945154963,0.9978183935054845
s2-r3-m4,s2-r3-m4-m1-de_dust2,h1,2,M80,t,0.9856115107913669,13900,13700,FORCE,0.97018147994144,0.02981852005856003,1.2668369360875523e-73
s2-r4-a1,s2-r4-a1-m1-de_nuke,h2,14,Monte,t,0.9411764705882353,10200,9600,FORCE,0.9799518913118057,0.020048108688194132,3.8537500743988637e-67
s2-r4-a2,s2-r4-a2-m1-de_overpass,h2,14,TYLOO,t,0.0,11000,0,ECO,0.0,0.0021816064945154963,0.9978183935054845
s2-r4-a3,s2-r4-a3-m1-de_inferno,h1,2,BIG,t,0.06698564593301436,10450,700,ECO,1.5844981409387536e-304,0.00307563687682221,0.9969243631231777
s2-r4-a3,s2-r4-a3-m2-de_mirage,h1,2,G2,t,0.0,10150,0,ECO,0.0,0.0021816064945154963,0.9978183935054845
s2-r4-a3,s2-r4-a3-m2-de_mirage,h2,14,BIG,t,0.8732394366197183,10650,9300,LIGHT,0.10006677960287802,0.8999332203971221,6.4284259730112335e-56
s2-r4-e1,s2-r4-e1-m1-de_nuke,h2,14,Astralis,t,0.9045226130653267,9950,9000,FORCE,0.8338885064492292,0.16611149355077087,5.7345385520825134e-61
s2-r4-e1,s2-r4-e1-m2-de_overpass,h1,2,Astralis,t,0.0,11050,0,ECO,0.0,0.0021816064945154963,0.9978183935054845
s2-r4-e1,s2-r4-e1-m2-de_overpass,h2,14,paiN,t,0.06334841628959276,11050,700,ECO,4.949322771816468e-307,0.002894766447693351,0.9971052335523067
s2-r4-e2,s2-r4-e2-m1-de_mirage,h1,2,B8,t,0.028846153846153848,10400,300,ECO,0.0,0.002069861426419222,0.9979301385735809
s2-r4-e2,s2-r4-e2-m2-de_nuke,h1,2,MIBR,t,0.06572769953051644,10650,700,ECO,2.15931773415326e-305,0.0030102009265852805,0.9969897990734148
s2-r4-e2,s2-r4-e2-m2-de_nuke,h2,14,B8,t,0.0,10700,0,ECO,0.0,0.0021816064945154963,0.9978183935054845
s2-r4-e2,s2-r4-e2-m3-de_ancient,h1,2,B8,t,0.11711711711711711,11100,1300,ECO,8.191362156856844e-271,0.011533417134010378,0.9884665828659897
s2-r4-e3,s2-r4-e3-m2-de_inferno,h1,2,M80,t,0.9607142857142857,14000,13450,FORCE,0.9842932860974286,0.015706713902571338,3.909054732788021e-70
s2-r5-d1,s2-r5-d1-m2-de_dust2,h1,2,Monte,t,0.0,10650,0,ECO,0.0,0.0021816064945154963,0.9978183935054845
s2-r5-d2,s2-r5-d2-m1-de_mirage,h1,2,Legacy,t,0.9860627177700348,14350,14150,FORCE,0.9695405011405283,0.030459498859471783,1.103488581674601e-73
s2-r5-d2,s2-r5-d2-m2-de_inferno,h1,2,TYLOO,t,0.9726962457337884,14650,14250,FORCE,0.9812633294280779,0.018736670571922125,7.373943162556939e-72
s2-r5-d2,s2-r5-d2-m2-de_inferno,h2,14,Legacy,t,0.0,10350,0,ECO,0.0,0.0021816064945154963,0.9978183935054845
s2-r5-d3,s2-r5-d3-m1-de_ancient,h1,2,B8,t,0.0,10650,0,ECO,0.0,0.0021816064945154963,0.9978183935054845
s2-r5-d3,s2-r5-d3-m1-de_ancient,h2,14,BIG,t,0.06542056074766354,10700,700,ECO,1.3268846674330038e-305,0.002994698293022883,0.9970053017069771
s2-r5-d3,s2-r5-d3-m2-de_overpass,h1,2,BIG,t,0.06481481481481481,10800,700,ECO,5.07660740992188e-306,0.0029646551500577224,0.9970353448499424
s2-r5-d3,s2-r5-d3-m2-de_overpass,h2,14,B8,t,0.7163120567375887,14100,10100,LIGHT,2.9842723223413755e-21,1.0,1.4461490700181557e-36
s2-r5-d3,s2-r5-d3-m3-de_dust2,h1,2,B8,t,0.0,10950,0,ECO,0.0,0.0021816064945154963,0.9978183935054845
s2-r5-d3,s2-r5-d3-m3-de_dust2,h2,14,BIG,t,0.08866995073891626,10150,900,ECO,9.330057421423905e-290,0.0048764547630556114,0.9951235452369445
s3-r1-m1,s3-r1-m1-m1-de_overpass,h2,14,PARIVISION,t,0.9760765550239234,10450,10200,FORCE,0.9794089925805106,0.0205910074194895,2.491604385790535e-72
s3-r1-m1,s3-r1-m1-m2-de_dust2,h1,2,PARIVISION,t,0.18779342723004694,10650,2000,ECO,5.4749151563042354e-226,0.26585957361427426,0.7341404263857257
s3-r1-m1,s3-r1-m1-m3-de_inferno,h1,2,9z,t,0.9233449477351916,14350,13250,FORCE,0.9559374402055498,0.04406255979445017,3.240678808045151e-64
s3-r1-m2,s3-r1-m2-m1-de_dust2,h1,2,BetBoom,t,0.21333333333333335,11250,2400,LIGHT,7.996624797391008e-211,0.6625151517437976,0.3374848482562022
s3-r1-m2,s3-r1-m2-m2-de_mirage,h2,14,BetBoom,t,0.2727272727272727,13750,3750,LIGHT,3.1505790255496327e-178,0.9960370673063863,0.003962932693613701
s3-r1-m2,s3-r1-m2-m3-de_ancient,h1,2,BetBoom,t,0.9545454545454546,14300,13650,FORCE,0.9842005080521261,0.015799491947873917,3.258128683236352e-69
s3-r1-m2,s3-r1-m2-m3-de_ancient,h2,14,The MongolZ,t,0.9626865671641791,13400,12900,FORCE,0.9841036230305993,0.015896376969400584,2.006328424208111e-70
s3-r1-m3,s3-r1-m3-m2-de_overpass,h2,14,FUT,t,0.9868421052631579,11400,11250,FORCE,0.9683759527882879,0.03162404721171205,8.699066282581037e-74
s3-r1-m3,s3-r1-m3-m3-de_nuke,h1,2,FUT,t,0.8644859813084113,10700,9250,LIGHT,0.027371589218679968,0.9726284107813201,1.0511268798835785e-54
s3-r1-m4,s3-r1-m4-m1-de_dust2,h1,2,Legacy,t,0.4018264840182648,10950,4400,LIGHT,4.773096457546975e-117,0.999999998773506,1.2264939133706959e-09
s3-r1-m4,s3-r1-m4-m1-de_dust2,h2,14,MOUZ,t,0.9125874125874126,14300,13050,FORCE,0.9102588491796003,0.08974115082039966,2.2558112868074895e-62
s3-r1-m4,s3-r1-m4-m2-de_nuke,h2,14,Legacy,t,0.8084112149532711,10700,8650,LIGHT,1.735677570520995e-07,0.9999998264322429,2.0100561887243368e-47
s3-r1-m5,s3-r1-m5-m1-de_mirage,h2,14,FURIA,t,0.038834951456310676,10300,400,ECO,5e-324,0.002181444667987897,0.997818555332012
s3-r1-m5,s3-r1-m5-m2-de_inferno,h1,2,B8,t,0.9828767123287672,14600,14350,FORCE,0.9735993515508882,0.026400648449111875,2.941174792791316e-73
s3-r1-m6,s3-r1-m6-m1-de_inferno,h1,2,G2,t,0.9701492537313433,10050,9750,FORCE,0.9823224692514746,0.017677530748525353,1.6872040310429093e-71
s3-r1-m6,s3-r1-m6-m3-de_ancient,h2,14,Falcons,t,0.9452054794520548,14600,13800,FORCE,0.9819343435423451,0.018065656457655017,8.91468372146534e-68
s3-r1-m7,s3-r1-m7-m1-de_nuke,h1,2,Monte,t,0.0,11000,0,ECO,0.0,0.0021816064945154963,0.9978183935054845
s3-r1-m7,s3-r1-m7-m1-de_nuke,h2,14,Aurora,t,0.06363636363636363,11000,700,ECO,7.819474724163318e-307,0.0029081794407857966,0.9970918205592142
s3-r1-m7,s3-r1-m7-m2-de_anubis,h1,2,Monte,t,0.9709090909090909,13750,13350,FORCE,0.9820338704951115,0.01796612950488845,1.3168315840609428e-71
s3-r1-m8,s3-r1-m8-m1-de_dust2,h2,14,Natus Vincere,t,0.9683257918552036,11050,10700,FORCE,0.9829272840152369,0.017072715984763197,3.068042497731284e-71
s3-r1-m8,s3-r1-m8-m2-de_anubis,h1,2,Spirit,t,0.9347079037800687,14550,13600,FORCE,0.9748956456151201,0.025104354384880012,4.229720759808098e-66
s3-r2-l1,s3-r2-l1-m1-de_mirage,h1,2,B8,t,0.0,10650,0,ECO,0.0,0.0021816064945154963,0.9978183935054845
s3-r2-l1,s3-r2-l1-m1-de_mirage,h2,14,The MongolZ,t,0.14953271028037382,10700,1600,ECO,7.805001881511578e-250,0.04302755413713288,0.9569724458628671
s3-r2-l1,s3-r2-l1-m2-de_overpass,h2,14,B8,t,0.12727272727272726,11000,1400,ECO,3.60060866290221e-264,0.016797612613884155,0.9832023873861159
s3-r2-l2,s3-r2-l2-m1-de_mirage,h2,14,PARIVISION,t,0.027149321266968326,11050,300,ECO,0.0,0.002058909676660512,0.9979410903233394
s3-r2-l2,s3-r2-l2-m3-de_inferno,h2,14,PARIVISION,t,0.9785714285714285,14000,13700,FORCE,0.9776465364473397,0.022353463552660355,1.1296512251453706e-72
s3-r2-l3,s3-r2-l3-m1-de_overpass,h1,2,G2,t,0.8678414096916299,11350,9850,LIGHT,0.04618187386765668,0.9538181261323433,3.650541196411274e-55
s3-r2-l3,s3-r2-l3-m2-de_ancient,h1,2,FUT,t,0.9537366548042705,14050,13400,FORCE,0.9841109493863258,0.015889050613674245,4.318961670255405e-69
s3-r2-l3,s3-r2-l3-m3-de_mirage,h2,14,FUT,t,0.9162790697674419,10750,9850,FORCE,0.9309018445800783,0.06909815541992169,5.194128687540348e-63
s3-r2-l4,s3-r2-l4-m1-de_inferno,h1,2,Legacy,t,0.7740384615384616,10400,8050,LIGHT,7.236140110593278e-12,0.9999999999927638,3.255527626625657e-43
s3-r2-l4,s3-r2-l4-m2-de_ancient,h2,14,Legacy,t,0.9372822299651568,14350,13450,FORCE,0.9772385818180578,0.022761418181942192,1.6194428482815175e-66
s3-r2-w1,s3-r2-w1-m1-de_nuke,h1,2,MOUZ,t,0.04672897196261682,10700,500,ECO,1.39667e-318,0.002333120146290483,0.9976668798537094
s3-r2-w1,s3-r2-w1-m3-de_overpass,h1,2,MOUZ,t,0.0,10550,0,ECO,0.0,0.0021816064945154963,0.9978183935054845
s3-r2-w1,s3-r2-w1-m3-de_overpass,h2,14,FURIA,t,0.9543859649122807,14250,13600,FORCE,0.9841843035792667,0.015815696420733313,3.444103435770468e-69
s3-r2-w2,s3-r2-w2-m2-de_ancient,h1,2,Falcons,t,0.13818181818181818,13750,1900,ECO,4.1797451663066196e-257,0.02613545745768313,0.9738645425423169
s3-r2-w2,s3-r2-w2-m2-de_ancient,h2,14,BetBoom,t,0.028985507246376812,10350,300,ECO,0.0,0.0020708600209940263,0.997929139979006
s3-r2-w3,s3-r2-w3-m1-de_inferno,h1,2,9z,t,0.0,10650,0,ECO,0.0,0.0021816064945154963,0.9978183935054845
s3-r2-w3,s3-r2-w3-m1-de_inferno,h2,14,Vitality,t,0.9087719298245615,14250,12950,FORCE,0.8806168482606015,0.11938315173939852,1.039516747533077e-61
s3-r2-w3,s3-r2-w3-m2-de_mirage,h1,2,Vitality,t,0.693950177935943,14050,9750,LIGHT,1.4321773687882493e-25,1.0,3.919690455555424e-34
s3-r2-w3,s3-r2-w3-m3-de_dust2,h1,2,9z,t,0.0,10450,0,ECO,0.0,0.0021816064945154963,0.9978183935054845
s3-r2-w4,s3-r2-w4-m1-de_dust2,h1,2,Spirit,t,0.9651741293532339,10050,9700,FORCE,0.9837056727442954,0.016294327255704514,8.716381087585576e-71
s3-r2-w4,s3-r2-w4-m1-de_dust2,h2,14,Aurora,t,0.1588785046728972,10700,1700,ECO,6.548792625711743e-244,0.06650172078680155,0.9334982792131985
s3-r2-w4,s3-r2-w4-m2-de_anubis,h2,14,Aurora,t,0.9591836734693877,14700,14100,FORCE,0.9843666050780201,0.015633394921979984,6.583569464895401e-70
s3-r2-w4,s3-r2-w4-m3-de_nuke,h1,2,Spirit,t,0.9719298245614035,14250,13850,FORCE,0.9816100813047561,0.018389918695243732,9.450788027790538e-72
s3-r2-w4,s3-r2-w4-m3-de_nuke,h2,14,Aurora,t,0.0,10650,0,ECO,0.0,0.0021816064945154963,0.9978183935054845
s3-r3-a1,s3-r3-a1-m1-de_overpass,h2,14,BetBoom,t,0.0,10250,0,ECO,0.0,0.0021816064945154963,0.9978183935054845
s3-r3-a1,s3-r3-a1-m2-de_dust2,h1,2,BetBoom,t,0.029556650246305417,10150,300,ECO,0.0,0.0020751113116492205,0.9979248886883508
s3-r3-a2,s3-r3-a2-m1-de_overpass,h2,14,Spirit,t,0.08530805687203792,10550,900,ECO,4.996189905192219e-292,0.004489834807152156,0.9955101651928479
s3-r3-a2,s3-r3-a2-m3-de_dust2,h2,14,Spirit,t,0.09389671361502347,10650,1000,ECO,3.0717712709775465e-286,0.0055897178416412195,0.9944102821583588
s3-r3-e1,s3-r3-e1-m1-de_dust2,h2,14,B8,t,0.0,10400,0,ECO,0.0,0.0021816064945154963,0.9978183935054845
s3-r3-e1,s3-r3-e1-m3-de_ancient,h2,14,B8,t,0.06306306306306306,11100,700,ECO,3.1452410570535897e-307,0.002881621013848693,0.9971183789861512
s3-r3-e2,s3-r3-e2-m2-de_dust2,h1,2,PARIVISION,t,0.056338028169014086,10650,600,ECO,6.96877567553e-312,0.0026108098817061855,0.9973891901182937
s3-r3-e2,s3-r3-e2-m2-de_dust2,h2,14,Legacy,t,0.9754385964912281,14250,13900,FORCE,0.9798026493667427,0.02019735063325722,3.0542333370694597e-72
s3-r3-m1,s3-r3-m1-m1-de_nuke,h2,14,Natus Vincere,t,0.8576388888888888,14400,12350,LIGHT,0.008670396582744537,0.9913296034172555,8.796722769001446e-54
s3-r3-m1,s3-r3-m1-m2-de_ancient,h1,2,Natus Vincere,t,0.09950248756218906,10050,1000,ECO,1.743903402002885e-282,0.006541993990645013,0.993458006009355
s3-r3-m1,s3-r3-m1-m2-de_ancient,h2,14,The MongolZ,t,0.953405017921147,13950,13300,FORCE,0.9840688736771309,0.015931126322869117,4.84935809499832e-69
s3-r3-m1,s3-r3-m1-m3-de_mirage,h2,14,Natus Vincere,t,0.13145539906103287,10650,1400,ECO,1.878679975819232e-261,0.01980980700673436,0.9801901929932656
s3-r3-m2,s3-r3-m2-m1-de_inferno,h2,14,Falcons,t,0.0639269406392694,10950,700,ECO,1.2404306573571779e-306,0.0029218672116619465,0.997078132788338
s3-r3-m3,s3-r3-m3-m2-de_anubis,h1,2,G2,t,0.9454545454545454,13750,13000,FORCE,0.9820338623882543,0.017966137611745734,8.149203467261062e-68
s3-r3-m4,s3-r3-m4-m1-de_mirage,h1,2,MOUZ,t,0.9758620689655172,14500,14150,FORCE,0.9795437730740412,0.020456226925958707,2.6679714730492317e-72
s3-r3-m4,s3-r3-m4-m2-de_dust2,h1,2,Vitality,t,0.9750889679715302,14050,13700,FORCE,0.9800093105914854,0.01999068940851446,3.415562065484329e-72
s3-r3-m4,s3-r3-m4-m2-de_dust2,h2,14,MOUZ,t,0.9816849816849816,13650,13400,FORCE,0.9748661004408787,0.025133899559121178,4.2583121088724903e-73
s3-r3-m4,s3-r3-m4-m3-de_inferno,h1,2,MOUZ,t,0.956989247311828,13950,13350,FORCE,0.9843609442678858,0.01563905573211417,1.3978367269060734e-69
s3-r4-a2,s3-r4-a2-m1-de_nuke,h1,2,9z,t,0.06542056074766354,10700,700,ECO,1.3268846674330038e-305,0.002994698293022883,0.9970053017069771
s3-r4-a2,s3-r4-a2-m2-de_dust2,h1,2,Aurora,t,0.16666666666666666,10200,1700,ECO,5.093257759531176e-239,0.09675467865262152,0.9032453213473784
s3-r4-a3,s3-r4-a3-m1-de_dust2,h2,14,Natus Vincere,t,0.9721254355400697,14350,13950,FORCE,0.9815239634650217,0.018476036534978414,8.870130776748504e-72
s3-r4-a3,s3-r4-a3-m2-de_mirage,h1,2,Natus Vincere,t,0.9418181818181818,13750,12950,FORCE,0.9803182286039271,0.019681771396072953,3.047803735294351e-67
s3-r4-a3,s3-r4-a3-m2-de_mirage,h2,14,Falcons,t,0.0639269406392694,10950,700,ECO,1.2404306573571779e-306,0.0029218672116619465,0.997078132788338
s3-r4-a3,s3-r4-a3-m3-de_anubis,h1,2,Natus Vincere,t,0.1346153846153846,10400,1400,ECO,2.087760363329771e-259,0.02252380419294086,0.9774761958070591
s3-r4-a3,s3-r4-a3-m3-de_anubis,h2,14,Falcons,t,0.06451612903225806,10850,700,ECO,3.1604308724600254e-306,0.0029500972083280094,0.9970499027916719
s3-r4-e1,s3-r4-e1-m2-de_nuke,h2,14,FUT,t,0.9864864864864865,11100,10950,FORCE,0.9689165498282553,0.031083450171744707,9.695335029764227e-74
s3-r4-e2,s3-r4-e2-m2-de_inferno,h1,2,The MongolZ,t,0.08144796380090498,11050,900,ECO,1.2088305417674266e-294,0.004104181805248826,0.9958958181947511
s3-r4-e2,s3-r4-e2-m2-de_inferno,h2,14,Monte,t,0.0,10350,0,ECO,0.0,0.0021816064945154963,0.9978183935054845
s3-r4-e2,s3-r4-e2-m3-de_dust2,h1,2,Monte,t,0.0,10750,0,ECO,0.0,0.0021816064945154963,0.9978183935054845
s3-r4-e3,s3-r4-e3-m1-de_dust2,h1,2,Legacy,t,0.9649122807017544,14250,13750,FORCE,0.9837562048266062,0.016243795173393857,9.51209225192583e-71
s3-r4-e3,s3-r4-e3-m1-de_dust2,h2,14,G2,t,0.9621993127147767,14550,14000,FORCE,0.9841606024315241,0.015839397568476,2.3645637010759634e-70
s3-r4-e3,s3-r4-e3-m2-de_overpass,h2,14,Legacy,t,0.019138755980861243,10450,200,ECO,0.0,0.0020366526809870887,0.9979633473190128
s3-r5-d1,s3-r5-d1-m2-de_overpass,h2,14,The MongolZ,t,0.96875,14400,13950,FORCE,0.9827972415831999,0.017202758416800183,2.6685282482022902e-71
s3-r5-d2,s3-r5-d2-m1-de_mirage,h1,2,FUT,t,0.9663461538461539,10400,10050,FORCE,0.9834535798976711,0.01654642010232891,5.9022208320606125e-71
s3-r5-d2,s3-r5-d2-m1-de_mirage,h2,14,BetBoom,t,0.0,10400,0,ECO,0.0,0.0021816064945154963,0.9978183935054845
s3-r5-d2,s3-r5-d2-m2-de_dust2,h1,2,BetBoom,t,0.9574468085106383,14100,13500,FORCE,0.9843728705576678,0.015627129442332154,1.194095390452428e-69
s3-r5-d3,s3-r5-d3-m1-de_dust2,h1,2,G2,t,0.9680365296803652,10950,10600,FORCE,0.9830123758819963,0.016987624118003787,3.374717530926424e-71
s3-r5-d3,s3-r5-d3-m1-de_dust2,h2,14,Natus Vincere,t,0.6511627906976745,10750,7000,LIGHT,6.73790939131264e-35,1.0,1.0653479071085714e-29
s3-r5-d3,s3-r5-d3-m2-de_inferno,h2,14,G2,t,0.04672897196261682,10700,500,ECO,1.39667e-318,0.002333120146290483,0.9976668798537094
s3-r5-d3,s3-r5-d3-m3-de_mirage,h1,2,G2,t,0.06666666666666667,10500,700,ECO,9.560866718434287e-305,0.0030587443417195138,0.9969412556582804
p-r1-qf1,p-r1-qf1-m1-de_dust2,h1,2,FURIA,ct,0.9624413145539906,10650,10250,FORCE,0.9920955564826239,0.007904443517376134,7.819185042744626e-91
p-r1-qf1,p-r1-qf1-m1-de_dust2,h2,14,9z,ct,0.96875,11200,10850,FORCE,0.9916274131907554,0.008372586809244714,5.198274047268588e-92
p-r1-qf1,p-r1-qf1-m2-de_mirage,h1,2,9z,ct,0.959349593495935,12300,11800,FORCE,0.9922686116231734,0.0077313883768265305,2.951378751523699e-90
p-r1-qf1,p-r1-qf1-m2-de_mirage,h2,14,FURIA,ct,0.8705357142857143,11200,9750,FORCE,0.977628911921307,0.02237108807869309,1.0256825542942252e-73
p-r1-qf1,p-r1-qf1-m3-de_overpass,h1,2,FURIA,ct,0.06299212598425197,12700,800,ECO,2.7122951397281035e-76,1.6697122323596293e-07,0.9999998330287768
p-r1-qf2,p-r1-qf2-m1-de_nuke,h1,2,Aurora,ct,0.9787234042553191,11750,11500,FORCE,0.99051480907024,0.009485190929759973,7.146094586154147e-94
p-r1-qf2,p-r1-qf2-m1-de_nuke,h2,14,BetBoom,ct,0.8325581395348837,10750,8950,FORCE,0.9091285316878793,0.09087146831212073,1.1029872899758557e-66
p-r1-qf2,p-r1-qf2-m2-de_anubis,h2,14,BetBoom,ct,0.05982905982905983,11700,700,ECO,7.215610756298351e-77,1.4383977604950972e-07,0.9999998561602239
p-r1-qf3,p-r1-qf3-m2-de_dust2,h2,14,Spirit,ct,0.9292452830188679,10600,9850,FORCE,0.9923211806781493,0.007678819321850673,1.2123584904172476e-84
p-r1-qf3,p-r1-qf3-m3-de_mirage,h1,2,Spirit,ct,0.9145299145299145,11700,10700,FORCE,0.99121690677376,0.008783093226239908,6.689528933090807e-82
p-r1-qf3,p-r1-qf3-m3-de_mirage,h2,14,G2,ct,0.9276595744680851,11750,10900,FORCE,0.9922429431560933,0.0077570568439068645,2.3941581039344983e-84
p-r1-qf4,p-r1-qf4-m2-de_inferno,h2,14,Vitality,ct,0.9730941704035875,11150,10850,FORCE,0.991204643636384,0.008795356363615905,8.035273934181783e-93
p-r1-qf4,p-r1-qf4-m3-de_dust2,h1,2,Vitality,ct,0.9786324786324786,11700,11450,FORCE,0.9905273611553576,0.009472638844642403,7.430974665510655e-94
p-r1-qf4,p-r1-qf4-m3-de_dust2,h2,14,Falcons,ct,0.9396551724137931,11600,10900,FORCE,0.9926257600057375,0.007374239994262467,1.3904735959463595e-86
p-r2-sf2,p-r2-sf2-m1-de_anubis,h2,14,Spirit,ct,0.10212765957446808,11750,1200,ECO,3.570902497075533e-69,1.5123015606479297e-06,0.9999984876984394
p-r2-sf2,p-r2-sf2-m2-de_mirage,h2,14,Spirit,ct,0.9065040650406504,12300,11150,FORCE,0.9901831923946482,0.00981680760535184,2.0897703141362533e-80
p-r3-gf1,p-r3-gf1-m1-de_mirage,h2,14,FURIA,ct,0.8565022421524664,11150,9550,FORCE,0.9645419895380267,0.0354580104619734,4.13053819424697e-71
p-r3-gf1,p-r3-gf1-m2-de_anubis,h2,14,FURIA,ct,0.8497652582159625,10650,9050,FORCE,0.9546212088577478,0.04537879114225211,7.320216003917959e-70
p-r3-gf1,p-r3-gf1-m3-de_inferno,h1,2,Falcons,ct,0.8904761904761904,10500,9350,FORCE,0.986722909454473,0.013277090545526874,2.0110999676772773e-77
p-r3-gf1,p-r3-gf1-m3-de_inferno,h2,14,FURIA,ct,0.9803149606299213,12700,12450,FORCE,0.9902869910079821,0.009713008992017866,3.604901668813227e-94
s1-r1-m1,s1-r1-m1-m1-de_inferno,h1,2,M80,ct,0.9212598425196851,12700,11700,FORCE,0.9918323787326788,0.008167621267321165,3.729641873692815e-83
s1-r1-m1,s1-r1-m1-m1-de_inferno,h2,14,Lynn Vision,ct,0.8930041152263375,12150,10850,FORCE,0.9874289508882274,0.012571049111772594,6.808657819427074e-78
s1-r1-m2,s1-r1-m2-m1-de_ancient,h1,2,SINNERS,ct,0.9531914893617022,11750,11200,FORCE,0.9925136088260478,0.007486391173952359,4.157478941843429e-89
s1-r1-m2,s1-r1-m2-m1-de_ancient,h2,14,FlyQuest,ct,0.8968609865470852,11150,10000,FORCE,0.9883759350280056,0.011624064971994528,1.3040340614992943e-78
s1-r1-m3,s1-r1-m3-m1-de_inferno,h1,2,MIBR,ct,0.9535864978902954,11850,11300,FORCE,0.9925016946892781,0.007498305310721811,3.508715891755714e-89
s1-r1-m3,s1-r1-m3-m1-de_inferno,h2,14,THUNDER dOWNUNDER,ct,0.9095477386934674,9950,9050,FORCE,0.9906183916657909,0.009381608334209156,5.666509919299344e-81
s1-r1-m4,s1-r1-m4-m1-de_mirage,h2,14,TYLOO,ct,0.0,11050,0,ECO,9.793967610591948e-88,1.93822844965476e-08,0.9999999806177156
s1-r1-m6,s1-r1-m6-m1-de_inferno,h1,2,GamerLegion,ct,0.90625,11200,10150,FORCE,0.99014425264365,0.009855747356350053,2.3302705634131904e-80
s1-r1-m7,s1-r1-m7-m1-de_dust2,h1,2,BetBoom,ct,0.9074889867841409,11350,10300,FORCE,0.9903302539734857,0.009669746026514336,1.3699280745275341e-80
s1-r1-m8,s1-r1-m8-m1-de_nuke,h1,2,BIG,ct,0.9727626459143969,12850,12500,FORCE,0.9912400717290772,0.008759928270922632,9.265867655960415e-93
s1-r1-m8,s1-r1-m8-m1-de_nuke,h2,14,Liquid,ct,0.926829268292683,12300,11400,FORCE,0.9921983934741317,0.007801606525868234,3.4189015334070326e-84
s1-r2-l4,s1-r2-l4-m1-de_nuke,h2,14,Gaimin Gladiators,ct,0.9508928571428571,11200,10650,FORCE,0.9925729654075137,0.007427034592486275,1.1157798578977135e-88
s1-r2-w3,s1-r2-w3-m1-de_inferno,h1,2,GamerLegion,ct,0.8235294117647058,10200,8400,FORCE,0.8656691866012348,0.13433081339876524,5.004347394802053e-65
s1-r2-w3,s1-r2-w3-m1-de_inferno,h2,14,FlyQuest,ct,0.9015748031496063,12700,11450,FORCE,0.9893487849667055,0.010651215033294414,1.7292134440960868e-79
s1-r3-a1,s1-r3-a1-m1-de_nuke,h1,2,GamerLegion,ct,0.8680851063829788,11750,10200,FORCE,0.975886005611747,0.024113994388253082,2.925731627489248e-73
s1-r3-a1,s1-r3-a1-m1-de_nuke,h2,14,BetBoom,ct,0.9603960396039604,10100,9700,FORCE,0.9922139445349801,0.00778605546501993,1.8827079880380913e-90
s1-r3-a1,s1-r3-a1-m2-de_ancient,h1,2,BetBoom,ct,0.9571984435797666,12850,12300,FORCE,0.9923688383703888,0.0076311616296111376,7.436265991609855e-90
s1-r3-a1,s1-r3-a1-m2-de_ancient,h2,14,GamerLegion,ct,0.8526785714285714,11200,9550,FORCE,0.9592917942832546,0.04070820571674545,2.112650834872143e-70
s1-r3-a2,s1-r3-a2-m1-de_ancient,h1,2,M80,ct,0.8553191489361702,11750,10050,FORCE,0.9630147348270525,0.036985265172947604,6.8450802386804705e-71
s1-r3-e1,s1-r3-e1-m1-de_ancient,h1,2,TYLOO,ct,0.0625,11200,700,ECO,2.2073037596627485e-76,1.6309546558730304e-07,0.9999998369045344
s1-r3-e1,s1-r3-e1-m1-de_ancient,h2,14,SINNERS,ct,0.0,10650,0,ECO,9.793967610591948e-88,1.93822844965476e-08,0.9999999806177156
s1-r3-e1,s1-r3-e1-m2-de_inferno,h1,2,SINNERS,ct,0.9530516431924883,10650,10150,FORCE,0.9925177053934385,0.00748229460656153,4.414846789970533e-89
s1-r3-e1,s1-r3-e1-m2-de_inferno,h2,14,TYLOO,ct,0.0,10650,0,ECO,9.793967610591948e-88,1.93822844965476e-08,0.9999999806177156
s1-r3-e2,s1-r3-e2-m2-de_inferno,h1,2,HEROIC,ct,0.8018867924528302,10600,8500,FORCE,0.6613061681896767,0.3386938318103235,4.009329888497958e-61
s1-r3-m1,s1-r3-m1-m1-de_mirage,h2,14,FlyQuest,ct,0.9339622641509434,10600,9900,FORCE,0.9925028891691811,0.007497110830818891,1.6012031205633085e-85
s1-r3-m2,s1-r3-m2-m1-de_overpass,h1,2,Sharks,ct,0.90625,11200,10150,FORCE,0.99014425264365,0.009855747356350053,2.3302705634131904e-80
s1-r3-m2,s1-r3-m2-m1-de_overpass,h2,14,Lynn Vision,ct,0.8170212765957446,11750,9600,FORCE,0.8212532763480125,0.17874672365198746,7.687524268786961e-64
s1-r3-m3,s1-r3-m3-m1-de_inferno,h2,14,BIG,ct,0.8951612903225806,12400,11100,FORCE,0.9879767914862777,0.012023208513722374,2.7016184921247823e-78
s1-r3-m4,s1-r3-m4-m1-de_mirage,h2,14,MIBR,ct,0.967479674796748,12300,11900,FORCE,0.9917348901368753,0.008265109863124618,8.973151880666166e-92
s1-r4-a1,s1-r4-a1-m1-de_overpass,h2,14,BIG,ct,0.06278026905829596,11150,700,ECO,2.4820954069373456e-76,1.6528944571576186e-07,0.9999998347105543
s1-r4-a1,s1-r4-a1-m2-de_ancient,h1,2,BIG,ct,0.0425531914893617,11750,500,ECO,5.228203739031838e-80,6.87663312297276e-08,0.9999999312336688
s1-r4-a2,s1-r4-a2-m1-de_anubis,h1,2,MIBR,ct,0.9447004608294931,10850,10250,FORCE,0.9926502414706099,0.007349758529390185,1.5937845656918271e-87
s1-r4-a2,s1-r4-a2-m1-de_anubis,h2,14,Lynn Vision,ct,0.0891089108910891,10100,900,ECO,1.5259516150754223e-71,6.749995004342006e-07,0.9999993250004996
s1-r4-a2,s1-r4-a2-m2-de_inferno,h2,14,Lynn Vision,ct,0.9435483870967742,12400,11700,FORCE,0.9926515488076297,0.007348451192370213,2.6137109761818913e-87
s1-r4-a3,s1-r4-a3-m1-de_ancient,h2,14,NRG,ct,0.0,10100,0,ECO,9.793967610591948e-88,1.93822844965476e-08,0.9999999806177156
s1-r4-a3,s1-r4-a3-m2-de_inferno,h2,14,M80,ct,0.9319148936170213,11750,10950,FORCE,0.9924331951700294,0.00756680482997072,3.8553909806903436e-85
s1-r4-e1,s1-r4-e1-m1-de_anubis,h1,2,FlyQuest,ct,0.9416342412451362,12850,12100,FORCE,0.9926447052425884,0.007355294757411682,5.945250300460102e-87
s1-r4-e2,s1-r4-e2-m1-de_nuke,h1,2,TYLOO,ct,0.8811881188118812,10100,8900,FORCE,0.9834038278171608,0.016596172182839083,1.0741319275831829e-75
s1-r4-e2,s1-r4-e2-m2-de_inferno,h2,14,TYLOO,ct,0.9914893617021276,11750,11650,FORCE,0.9881820114275746,0.011817988572425452,2.949919149035686e-96
s1-r4-e2,s1-r4-e2-m3-de_anubis,h1,2,Sharks,ct,0.9181034482758621,11600,10650,FORCE,0.9915691055116682,0.008430894488331899,1.4444998577461546e-82
s1-r4-e2,s1-r4-e2-m3-de_anubis,h2,14,TYLOO,ct,0.0,11200,0,ECO,9.793967610591948e-88,1.93822844965476e-08,0.9999999806177156
s1-r4-e3,s1-r4-e3-m1-de_nuke,h1,2,Liquid,ct,0.9525862068965517,11600,11050,FORCE,0.9925308839523262,0.007469116047673742,5.391787492055182e-89
s1-r4-e3,s1-r4-e3-m1-de_nuke,h2,14,HEROIC,ct,0.8851063829787233,11750,10400,FORCE,0.9849591266683105,0.015040873331689462,2.0061670486147375e-76
s1-r4-e3,s1-r4-e3-m2-de_inferno,h1,2,HEROIC,ct,0.9404255319148936,11750,11050,FORCE,0.9926345734684526,0.00736542653154746,9.989279572545074e-87
s1-r4-e3,s1-r4-e3-m2-de_inferno,h2,14,Liquid,ct,0.8571428571428571,11200,9600,FORCE,0.9653351952545336,0.03466480474546646,3.1419812349714624e-71
s1-r5-d1,s1-r5-d1-m1-de_ancient,h1,2,TYLOO,ct,0.0,10650,0,ECO,9.793967610591948e-88,1.93822844965476e-08,0.9999999806177156
s1-r5-d1,s1-r5-d1-m1-de_ancient,h2,14,Lynn Vision,ct,0.7547169811320755,10600,8000,LIGHT,0.06807563775546785,0.9319243622445321,2.3447257720044604e-53
s1-r5-d2,s1-r5-d2-m1-de_anubis,h2,14,Liquid,ct,0.9617021276595744,11750,11300,FORCE,0.99214013299734,0.00785986700266009,1.0742055777698412e-90
s1-r5-d2,s1-r5-d2-m2-de_inferno,h2,14,Liquid,ct,0.9404255319148936,11750,11050,FORCE,0.9926345734684526,0.00736542653154746,9.989279572545074e-87
s1-r5-d3,s1-r5-d3-m2-de_nuke,h1,2,BIG,ct,0.9061032863849765,10650,9650,FORCE,0.9901215756342602,0.009878424365739765,2.481559511948291e-80
s1-r5-d3,s1-r5-d3-m2-de_nuke,h2,14,NRG,ct,0.017857142857142856,11200,200,ECO,1.708201719233744e-84,2.9971884250086506e-08,0.9999999700281158
s2-r1-m3,s2-r1-m3-m1-de_ancient,h1,2,FUT,ct,0.9063829787234042,11750,10650,FORCE,0.9901646859200793,0.009835314079920672,2.201128079736237e-80
s2-r1-m3,s2-r1-m3-m1-de_ancient,h2,14,B8,ct,0.975609756097561,12300,12000,FORCE,0.9909175915664157,0.009082408433584236,2.7251563873917545e-93
s2-r1-m4,s2-r1-m4-m1-de_mirage,h1,2,paiN,ct,0.9437751004016064,12450,11750,FORCE,0.9926516137042865,0.00734838629571355,2.3712802174358766e-87
s2-r1-m5,s2-r1-m5-m1-de_mirage,h2,14,M80,ct,0.9476190476190476,10500,9950,FORCE,0.9926286516315249,0.007371348368475014,4.551551249790388e-88
s2-r1-m6,s2-r1-m6-m1-de_mirage,h2,14,Monte,ct,0.8978723404255319,11750,10550,FORCE,0.9886006874328219,0.011399312567178074,8.453766316738372e-79
s2-r1-m7,s2-r1-m7-m1-de_mirage,h2,14,BetBoom,ct,0.01762114537444934,11350,200,ECO,1.547703970707374e-84,2.9772890172374913e-08,0.9999999702271098
s2-r1-m8,s2-r1-m8-m1-de_nuke,h1,2,Legacy,ct,0.9342723004694836,10650,9950,FORCE,0.9925122440275496,0.007487755972450472,1.401697806442578e-85
s2-r2-l2,s2-r2-l2-m1-de_dust2,h2,14,FlyQuest,ct,0.834061135371179,11450,9550,FORCE,0.9147395077418309,0.08526049225816906,5.8325553561097764e-67
s2-r2-l4,s2-r2-l4-m1-de_mirage,h1,2,B8,ct,0.9859154929577465,10650,10500,FORCE,0.9893524531381206,0.010647546861879405,3.2433763474843264e-95
s2-r2-w1,s2-r2-w1-m1-de_overpass,h2,14,TYLOO,ct,0.971830985915493,10650,10350,FORCE,0.991336749953749,0.008663250046250908,1.3829100388470886e-92
s2-r2-w2,s2-r2-w2-m1-de_nuke,h1,2,Astralis,ct,0.8539823008849557,11300,9650,FORCE,0.9611864316644658,0.038813568335534156,1.2111654366165468e-70
s2-r2-w4,s2-r2-w4-m1-de_mirage,h2,14,MIBR,ct,0.9419642857142857,11200,10550,FORCE,0.9926466890706418,0.007353310929358271,5.159785190138246e-87
s2-r3-a1,s2-r3-a1-m2-de_nuke,h2,14,9z,ct,0.9327731092436975,11900,11100,FORCE,0.9924640943195195,0.007535905680480472,2.6674959354124165e-85
s2-r3-a2,s2-r3-a2-m1-de_anubis,h2,14,G2,ct,0.9306122448979591,12250,11400,FORCE,0.9923815757109016,0.007618424289098487,6.743143888994656e-85
s2-r3-a2,s2-r3-a2-m3-de_ancient,h1,2,FUT,ct,0.8170212765957446,11750,9600,FORCE,0.8212532763480125,0.17874672365198746,7.687524268786961e-64
s2-r3-e1,s2-r3-e1-m1-de_nuke,h1,2,FlyQuest,ct,0.9752475247524752,10100,9850,FORCE,0.9909609615896431,0.009039038410356937,3.184312579480521e-93
s2-r3-e1,s2-r3-e1-m2-de_anubis,h1,2,FlyQuest,ct,0.8521400778210116,12850,10950,FORCE,0.95847534005288,0.04152465994711999,2.6583365255803972e-70
s2-r3-e1,s2-r3-e1-m2-de_anubis,h2,14,paiN,ct,0.9659574468085106,11750,11350,FORCE,0.991854652562759,0.008145347437241017,1.7259543108512063e-91
s2-r3-e2,s2-r3-e2-m1-de_inferno,h1,2,GamerLegion,ct,0.9107981220657277,10650,9700,FORCE,0.9907812716965781,0.009218728303421835,3.3147607678525377e-81
s2-r3-e2,s2-r3-e2-m1-de_inferno,h2,14,B8,ct,0.8212765957446808,11750,9650,FORCE,0.851712889836016,0.148287110163984,1.2909894530539693e-64
s2-r3-e2,s2-r3-e2-m3-de_nuke,h1,2,B8,ct,0.9779735682819384,11350,11100,FORCE,0.9906168653224453,0.009383134677554689,9.864410594539876e-94
s2-r3-e2,s2-r3-e2-m3-de_nuke,h2,14,GamerLegion,ct,0.6504065040650406,12300,8000,LIGHT,1.8342021853519902e-06,0.9999981657978146,1.3127834647941794e-38
s2-r3-m2,s2-r3-m2-m1-de_nuke,h1,2,Astralis,ct,0.0,10100,0,ECO,9.793967610591948e-88,1.93822844965476e-08,0.9999999806177156
s2-r3-m2,s2-r3-m2-m1-de_nuke,h2,14,TYLOO,ct,0.8267326732673267,10100,8350,FORCE,0.8832089553114639,0.11679104468853614,1.2964637808589792e-65
s2-r3-m3,s2-r3-m3-m1-de_inferno,h1,2,MIBR,ct,0.9612068965517241,11600,11150,FORCE,0.9921688583890552,0.007831141610944881,1.3288964795168697e-90
s2-r3-m4,s2-r3-m4-m1-de_dust2,h2,14,M80,ct,0.9698275862068966,11600,11250,FORCE,0.991530686177878,0.008469313822122097,3.271416555487595e-92
s2-r4-a1,s2-r4-a1-m1-de_nuke,h1,2,Monte,ct,0.9571984435797666,12850,12300,FORCE,0.9923688383703888,0.0076311616296111376,7.436265991609855e-90
s2-r4-a1,s2-r4-a1-m2-de_mirage,h1,2,BetBoom,ct,0.9495412844036697,10900,10350,FORCE,0.9926000237813943,0.0073999762186056405,1.9937093859390164e-88
s2-r4-a1,s2-r4-a1-m2-de_mirage,h2,14,Monte,ct,0.8482142857142857,11200,9500,FORCE,0.9518639159935534,0.048136084006446624,1.4180714003133037e-69
s2-r4-a1,s2-r4-a1-m3-de_dust2,h1,2,Monte,ct,0.9319148936170213,11750,10950,FORCE,0.9924331951700294,0.00756680482997072,3.8553909806903436e-85
s2-r4-a1,s2-r4-a1-m3-de_dust2,h2,14,BetBoom,ct,0.9644444444444444,11250,10850,FORCE,0.9919642812584033,0.008035718741596748,3.306553774932074e-91
s2-r4-a2,s2-r4-a2-m1-de_overpass,h1,2,TYLOO,ct,0.9634146341463414,12300,11850,FORCE,0.9920337054662695,0.007966294533730616,5.146863448484568e-91
s2-r4-a2,s2-r4-a2-m2-de_inferno,h1,2,9z,ct,0.9148936170212766,11750,10750,FORCE,0.9912555394001881,0.008744460599811883,5.723337114086547e-82
s2-r4-a2,s2-r4-a2-m2-de_inferno,h2,14,TYLOO,ct,0.6197183098591549,10650,6600,LIGHT,3.398827489812591e-08,0.9999999660117252,1.14390594450255e-34
s2-r4-a3,s2-r4-a3-m1-de_inferno,h2,14,BIG,ct,0.9196428571428571,11200,10300,FORCE,0.9917028542989611,0.008297145701038924,7.463244428999489e-83
s2-r4-e1,s2-r4-e1-m1-de_nuke,h1,2,Astralis,ct,0.8935185185185185,10800,9650,FORCE,0.9875639716683459,0.012436028331654152,5.461831266516788e-78
s2-r4-e2,s2-r4-e2-m1-de_mirage,h2,14,B8,ct,0.9727626459143969,12850,12500,FORCE,0.9912400717290772,0.008759928270922632,9.265867655960415e-93
s2-r4-e2,s2-r4-e2-m3-de_ancient,h2,14,B8,ct,0.08620689655172414,11600,1000,ECO,4.524131323638928e-72,5.695817751759297e-07,0.9999994304182248
s2-r4-e3,s2-r4-e3-m1-de_dust2,h1,2,M80,ct,0.9276018099547512,11050,10250,FORCE,0.9922399243469248,0.007760075653075222,2.454244514589794e-84
s2-r4-e3,s2-r4-e3-m1-de_dust2,h2,14,Legacy,ct,0.905982905982906,11700,10600,FORCE,0.9901028639575538,0.009897136042446275,2.613001244090337e-80
s2-r4-e3,s2-r4-e3-m2-de_inferno,h2,14,M80,ct,0.9321266968325792,11050,10300,FORCE,0.992441048799931,0.007558951200069096,3.520387178569375e-85
s2-r5-d1,s2-r5-d1-m1-de_nuke,h1,2,Monte,ct,0.8544600938967136,10650,9100,FORCE,0.9618527927850864,0.038147207214913555,9.877278214132866e-71
s2-r5-d1,s2-r5-d1-m1-de_nuke,h2,14,paiN,ct,0.9764150943396226,10600,10350,FORCE,0.9908186276465036,0.009181372353496255,1.9277060272747003e-93
s2-r5-d1,s2-r5-d1-m2-de_dust2,h2,14,Monte,ct,0.9024390243902439,12300,11100,FORCE,0.989507669255677,0.010492330744322929,1.1938759536258099e-79
s2-r5-d2,s2-r5-d2-m1-de_mirage,h2,14,Legacy,ct,0.9234042553191489,11750,10850,FORCE,0.9919875786017935,0.008012421398206453,1.4863223969125194e-83
s3-r1-m1,s3-r1-m1-m1-de_overpass,h1,2,PARIVISION,ct,0.9591836734693877,12250,11750,FORCE,0.9922769198562953,0.0077230801437047575,3.1694287427910306e-90
s3-r1-m1,s3-r1-m1-m2-de_dust2,h2,14,PARIVISION,ct,0.04716981132075472,10600,500,ECO,3.6080884516115686e-79,8.270396776596255e-08,0.9999999172960322
s3-r1-m1,s3-r1-m1-m3-de_inferno,h2,14,9z,ct,0.9126637554585153,11450,10450,FORCE,0.9910082036683021,0.008991796331697843,1.4893131853900866e-81
s3-r1-m2,s3-r1-m2-m1-de_dust2,h2,14,BetBoom,ct,0.16379310344827586,11600,1900,ECO,6.125598838824801e-58,0.00018714741271552208,0.9998128525872845
s3-r1-m2,s3-r1-m2-m2-de_mirage,h1,2,BetBoom,ct,0.92,11250,10350,FORCE,0.9917324130814303,0.0082675869185697,6.403095632396484e-83
s3-r1-m3,s3-r1-m3-m1-de_anubis,h1,2,FUT,ct,0.9455445544554455,10100,9550,FORCE,0.9926466949332036,0.007353305066796479,1.1092395351982519e-87
s3-r1-m3,s3-r1-m3-m1-de_anubis,h2,14,Vitality,ct,0.8227848101265823,11850,9750,FORCE,0.8612117995054687,0.13878820049453136,6.846608558143822e-65
s3-r1-m3,s3-r1-m3-m2-de_overpass,h1,2,FUT,ct,0.8103448275862069,11600,9400,FORCE,0.7611956694692888,0.23880433053071112,1.2392598445061911e-62
s3-r1-m3,s3-r1-m3-m3-de_nuke,h2,14,FUT,ct,0.9490740740740741,10800,10250,FORCE,0.9926080421417209,0.007391957858279177,2.4366824917895898e-88
s3-r1-m4,s3-r1-m4-m2-de_nuke,h1,2,Legacy,ct,0.9330357142857143,11200,10450,FORCE,0.9924730612555781,0.007526938744421883,2.3831712732431088e-85
s3-r1-m5,s3-r1-m5-m1-de_mirage,h1,2,FURIA,ct,0.9198113207547169,10600,9750,FORCE,0.9917168651199807,0.008283134880019315,6.94291874228625e-83
s3-r1-m5,s3-r1-m5-m2-de_inferno,h2,14,B8,ct,0.9308943089430894,12300,11450,FORCE,0.9923932399576424,0.007606760042357661,5.974353733883175e-85
s3-r1-m6,s3-r1-m6-m1-de_inferno,h2,14,G2,ct,0.8973214285714286,11200,10050,FORCE,0.9884794047544329,0.011520595245567014,1.0705085306439121e-78
s3-r1-m6,s3-r1-m6-m2-de_dust2,h1,2,G2,ct,0.96875,11200,10850,FORCE,0.9916274131907554,0.008372586809244714,5.198274047268588e-92
s3-r1-m6,s3-r1-m6-m2-de_dust2,h2,14,Falcons,ct,0.8779342723004695,10650,9350,FORCE,0.9819058706972718,0.01809412930272814,4.3254449860896786e-75
s3-r1-m6,s3-r1-m6-m3-de_ancient,h1,2,Falcons,ct,0.034482758620689655,11600,400,ECO,1.786804511261989e-81,5.092064631417865e-08,0.9999999490793536
s3-r1-m7,s3-r1-m7-m2-de_anubis,h2,14,Monte,ct,0.7699530516431925,10650,8200,LIGHT,0.18955599177815274,0.8104440082218473,9.736457532283663e-56
s3-r1-m8,s3-r1-m8-m1-de_dust2,h1,2,Natus Vincere,ct,0.8275862068965517,11600,9600,FORCE,0.8874619150406858,0.11253808495931415,9.040982438368773e-66
s3-r1-m8,s3-r1-m8-m2-de_anubis,h2,14,Spirit,ct,0.06572769953051644,10650,700,ECO,8.525557327267303e-76,1.90620380870358e-07,0.9999998093796191
s3-r2-l1,s3-r2-l1-m2-de_overpass,h1,2,B8,ct,0.017857142857142856,11200,200,ECO,1.708201719233744e-84,2.9971884250086506e-08,0.9999999700281158
s3-r2-l2,s3-r2-l2-m1-de_mirage,h1,2,PARIVISION,ct,0.9264705882352942,10200,9450,FORCE,0.9921783735856432,0.007821626414356889,3.9877492157049046e-84
s3-r2-l2,s3-r2-l2-m2-de_ancient,h1,2,Monte,ct,0.9528301886792453,10600,10100,FORCE,0.9925240630200376,0.007475936979962487,4.855381888120361e-89
s3-r2-l2,s3-r2-l2-m2-de_ancient,h2,14,PARIVISION,ct,0.9800796812749004,12550,12300,FORCE,0.9903216513426445,0.009678348657355527,3.988651102382598e-94
s3-r2-l2,s3-r2-l2-m3-de_inferno,h1,2,PARIVISION,ct,0.8297872340425532,11750,9750,FORCE,0.8976795183612313,0.10232048163876874,3.5653643826893096e-66
s3-r2-l3,s3-r2-l3-m1-de_overpass,h2,14,G2,ct,0.8938053097345132,11300,10100,FORCE,0.987638035454628,0.01236196454537201,4.830246750985988e-78
s3-r2-l3,s3-r2-l3-m2-de_ancient,h2,14,FUT,ct,0.8978723404255319,11750,10550,FORCE,0.9886006874328219,0.011399312567178074,8.453766316738372e-79
s3-r2-l3,s3-r2-l3-m3-de_mirage,h1,2,FUT,ct,0.9319148936170213,11750,10950,FORCE,0.9924331951700294,0.00756680482997072,3.8553909806903436e-85
s3-r2-l4,s3-r2-l4-m1-de_inferno,h2,14,Legacy,ct,0.919047619047619,10500,9650,FORCE,0.9916523688179526,0.008347631182047495,9.634335390487547e-83
s3-r2-l4,s3-r2-l4-m2-de_ancient,h1,2,Legacy,ct,0.7767857142857143,11200,8700,LIGHT,0.2763260486962365,0.7236739513037634,7.65883282642237e-57
s3-r2-w1,s3-r2-w1-m1-de_nuke,h2,14,MOUZ,ct,0.9154929577464789,10650,9750,FORCE,0.9913177887918598,0.008682211208140299,4.4259760823898904e-82
s3-r2-w1,s3-r2-w1-m2-de_inferno,h1,2,MOUZ,ct,0.896551724137931,11600,10400,FORCE,0.9883053439531444,0.01169465604685559,1.4888420906395863e-78
s3-r2-w1,s3-r2-w1-m2-de_inferno,h2,14,FURIA,ct,0.9276018099547512,11050,10250,FORCE,0.9922399243469248,0.007760075653075222,2.454244514589794e-84
s3-r2-w2,s3-r2-w2-m1-de_nuke,h1,2,Falcons,ct,0.9061032863849765,10650,9650,FORCE,0.9901215756342602,0.009878424365739765,2.481559511948291e-80
s3-r2-w2,s3-r2-w2-m1-de_nuke,h2,14,BetBoom,ct,0.9330357142857143,11200,10450,FORCE,0.9924730612555781,0.007526938744421883,2.3831712732431088e-85
s3-r2-w3,s3-r2-w3-m2-de_mirage,h2,14,Vitality,ct,0.9786324786324786,11700,11450,FORCE,0.9905273611553576,0.009472638844642403,7.430974665510655e-94
s3-r2-w3,s3-r2-w3-m3-de_dust2,h2,14,9z,ct,0.9074889867841409,11350,10300,FORCE,0.9903302539734857,0.009669746026514336,1.3699280745275341e-80
s3-r2-w4,s3-r2-w4-m2-de_anubis,h1,2,Aurora,ct,0.02553191489361702,11750,300,ECO,4.2290885510771315e-83,3.7714525989099134e-08,0.999999962285474
s3-r3-a1,s3-r3-a1-m1-de_overpass,h1,2,BetBoom,ct,0.0,10700,0,ECO,9.793967610591948e-88,1.93822844965476e-08,0.9999999806177156
s3-r3-a1,s3-r3-a1-m2-de_dust2,h2,14,BetBoom,ct,0.046948356807511735,10650,500,ECO,3.2887605096117954e-79,8.19577550073854e-08,0.999999918042245
s3-r3-a2,s3-r3-a2-m1-de_overpass,h1,2,Spirit,ct,0.8809523809523809,10500,9250,FORCE,0.9833019843170504,0.01669801568294954,1.1882071989588208e-75
s3-r3-a2,s3-r3-a2-m2-de_mirage,h1,2,9z,ct,0.9732142857142857,11200,10900,FORCE,0.9911916728932274,0.008808327106772476,7.630950871959634e-93
s3-r3-a2,s3-r3-a2-m2-de_mirage,h2,14,Spirit,ct,0.9106382978723404,11750,10700,FORCE,0.9907609453958002,0.009239054604199874,3.5499113741937965e-81
s3-r3-a2,s3-r3-a2-m3-de_dust2,h1,2,Spirit,ct,0.8371040723981901,11050,9250,FORCE,0.9249447577053715,0.07505524229462839,1.603265814752082e-67
s3-r3-e1,s3-r3-e1-m1-de_dust2,h1,2,B8,ct,0.8387096774193549,12400,10400,FORCE,0.9297634206997311,0.07023657930026887,8.1052410252988e-68
s3-r3-e1,s3-r3-e1-m2-de_mirage,h1,2,FUT,ct,0.9765258215962441,10650,10400,FORCE,0.9908047431233636,0.00919525687663634,1.8380971629801886e-93
s3-r3-e1,s3-r3-e1-m2-de_mirage,h2,14,B8,ct,0.9799196787148594,12450,12200,FORCE,0.9903450249307438,0.009654975069256184,4.2726993388396426e-94
s3-r3-e1,s3-r3-e1-m3-de_ancient,h1,2,B8,ct,0.9234042553191489,11750,10850,FORCE,0.9919875786017935,0.008012421398206453,1.4863223969125194e-83
s3-r3-e2,s3-r3-e2-m1-de_inferno,h1,2,PARIVISION,ct,0.1245136186770428,12850,1600,ECO,4.25415919443694e-65,7.187792703707078e-06,0.9999928122072964
s3-r3-e2,s3-r3-e2-m1-de_inferno,h2,14,Legacy,ct,0.827433628318584,11300,9350,FORCE,0.8867139703802195,0.11328602961978047,9.642880499444033e-66
s3-r3-m1,s3-r3-m1-m1-de_nuke,h1,2,Natus Vincere,ct,0.9065040650406504,12300,11150,FORCE,0.9901831923946482,0.00981680760535184,2.0897703141362533e-80
s3-r3-m1,s3-r3-m1-m3-de_mirage,h1,2,Natus Vincere,ct,0.9619047619047619,10500,10100,FORCE,0.9921281168010252,0.007871883198974897,9.846411312687958e-91
s3-r3-m2,s3-r3-m2-m1-de_inferno,h1,2,Falcons,ct,0.9411764705882353,11050,10400,FORCE,0.9926413982894858,0.007358601710514038,7.236402034301447e-87
s3-r3-m2,s3-r3-m2-m2-de_dust2,h1,2,Monte,ct,0.8600823045267489,12150,10450,FORCE,0.9686933678506483,0.03130663214935168,8.952013816600655e-72
s3-r3-m2,s3-r3-m2-m2-de_dust2,h2,14,Falcons,ct,0.8836206896551724,11600,10250,FORCE,0.9843987440309976,0.015601255969002421,3.790428003357371e-76
s3-r3-m2,s3-r3-m2-m3-de_mirage,h1,2,Falcons,ct,0.15637860082304528,12150,1900,ECO,2.724722820563742e-59,9.611130729859849e-05,0.9999038886927012
s3-r3-m2,s3-r3-m2-m3-de_mirage,h2,14,Monte,ct,0.7890295358649789,11850,9350,LIGHT,0.46664421961467323,0.5333557803853267,6.903186235936464e-59
s3-r3-m3,s3-r3-m3-m1-de_overpass,h1,2,Aurora,ct,0.059574468085106386,11750,700,ECO,6.486182054515509e-77,1.4215042759133218e-07,0.9999998578495725
s3-r3-m3,s3-r3-m3-m1-de_overpass,h2,14,G2,ct,0.8765957446808511,11750,10300,FORCE,0.9812279971906549,0.018772002809345132,7.671025689335929e-75
s3-r3-m3,s3-r3-m3-m2-de_anubis,h2,14,G2,ct,0.9061032863849765,10650,9650,FORCE,0.9901215756342602,0.009878424365739765,2.481559511948291e-80
s3-r3-m4,s3-r3-m4-m1-de_mirage,h2,14,MOUZ,ct,0.925,12000,11100,FORCE,0.9920913158917384,0.00790868410826173,7.494931300232395e-84
s3-r3-m4,s3-r3-m4-m3-de_inferno,h2,14,MOUZ,ct,0.9375,11200,10500,FORCE,0.9925912936730148,0.007408706326985178,3.5071944283781265e-86
s3-r4-a1,s3-r4-a1-m1-de_overpass,h1,2,BetBoom,ct,0.05982905982905983,11700,700,ECO,7.215610756298351e-77,1.4383977604950972e-07,0.9999998561602239
s3-r4-a1,s3-r4-a1-m1-de_overpass,h2,14,Vitality,ct,0.8629032258064516,12400,10700,FORCE,0.9715243357614145,0.02847566423858549,2.68165043849123e-72
s3-r4-a1,s3-r4-a1-m2-de_nuke,h1,2,Vitality,ct,0.9530516431924883,10650,10150,FORCE,0.9925177053934385,0.00748229460656153,4.414846789970533e-89
s3-r4-a1,s3-r4-a1-m2-de_nuke,h2,14,BetBoom,ct,0.9014084507042254,10650,9600,FORCE,0.9893175481664511,0.010682451833549,1.8570225742290973e-79
s3-r4-a2,s3-r4-a2-m1-de_nuke,h2,14,9z,ct,0.960352422907489,11350,10900,FORCE,0.9922163018543112,0.007783698145688794,1.9183195578218526e-90
s3-r4-a2,s3-r4-a2-m2-de_dust2,h2,14,Aurora,ct,0.9528301886792453,10600,10100,FORCE,0.9925240630200376,0.007475936979962487,4.855381888120361e-89
s3-r4-a3,s3-r4-a3-m1-de_dust2,h1,2,Natus Vincere,ct,0.8808510638297873,11750,10350,FORCE,0.9832579064081921,0.016742093591807797,1.2408848538007472e-75
s3-r4-e1,s3-r4-e1-m1-de_ancient,h1,2,MOUZ,ct,0.90625,11200,10150,FORCE,0.99014425264365,0.009855747356350053,2.3302705634131904e-80
s3-r4-e1,s3-r4-e1-m1-de_ancient,h2,14,FUT,ct,0.9156118143459916,11850,10850,FORCE,0.9913299268717292,0.008670073128270952,4.2059985232238364e-82
s3-r4-e1,s3-r4-e1-m2-de_nuke,h1,2,FUT,ct,0.9765258215962441,10650,10400,FORCE,0.9908047431233636,0.00919525687663634,1.8380971629801886e-93
s3-r4-e1,s3-r4-e1-m3-de_mirage,h1,2,MOUZ,ct,0.9574468085106383,11750,11250,FORCE,0.9923580871263793,0.0076419128736206765,6.683750680920955e-90
s3-r4-e1,s3-r4-e1-m3-de_mirage,h2,14,FUT,ct,0.8959276018099548,11050,9900,FORCE,0.988160156940487,0.01183984305951291,1.9453919020931944e-78
s3-r4-e2,s3-r4-e2-m1-de_nuke,h1,2,The MongolZ,ct,0.9107981220657277,10650,9700,FORCE,0.9907812716965781,0.009218728303421835,3.3147607678525377e-81
s3-r4-e2,s3-r4-e2-m1-de_nuke,h2,14,Monte,ct,0.914396887159533,12850,11750,FORCE,0.9912026130459769,0.008797386954022966,7.082295760415466e-82
s3-r4-e2,s3-r4-e2-m3-de_dust2,h2,14,Monte,ct,0.44081632653061226,12250,5400,LIGHT,1.01318057050799e-21,0.9999999999999964,3.1724643070415506e-15
s3-r4-e3,s3-r4-e3-m2-de_overpass,h1,2,Legacy,ct,0.026785714285714284,11200,300,ECO,7.144326012443256e-83,3.925226702599566e-08,0.999999960747733
s3-r5-d1,s3-r5-d1-m1-de_inferno,h1,2,9z,ct,0.8678414096916299,11350,9850,FORCE,0.9757023334536555,0.024297666546344594,3.247108699047718e-73
s3-r5-d1,s3-r5-d1-m1-de_inferno,h2,14,The MongolZ,ct,0.918552036199095,11050,10150,FORCE,0.9916091565716038,0.00839084342839625,1.1916478425411145e-82
s3-r5-d1,s3-r5-d1-m2-de_overpass,h1,2,The MongolZ,ct,0.7053571428571429,11200,7900,LIGHT,0.0008598122182198586,0.9991401877817802,4.166796587784262e-46
s3-r5-d2,s3-r5-d2-m2-de_dust2,h2,14,BetBoom,ct,0.9702970297029703,10100,9800,FORCE,0.9914869116812762,0.00851308831872369,2.6737150995637004e-92
s3-r5-d3,s3-r5-d3-m2-de_inferno,h1,2,G2,ct,0.9439655172413793,11600,10950,FORCE,0.9926515462465352,0.007348453753464738,2.185123792543531e-87
s3-r5-d3,s3-r5-d3-m3-de_mirage,h2,14,G2,ct,0.9196428571428571,11200,10300,FORCE,0.9917028542989611,0.008297145701038924,7.463244428999489e-83
