side,lossReward,retained_value,roundStartMoney,armor_prob,helmet_prob,helmet_given_armor_prob,defusekit_prob,smoke_prob,flash1plus_prob,flash2_prob,HE_prob,fire_prob,grenade_count_mean,effective_n
t,1400,none,2550,0.984,0.959,0.959,0.0,0.683,0.579,0.154,0.306,0.448,2.17,24.1
t,1400,none,2600,0.984,0.962,0.962,0.0,0.714,0.571,0.17,0.337,0.497,2.29,27.4
t,1400,none,2650,0.985,0.965,0.965,0.0,0.715,0.504,0.149,0.402,0.438,2.21,32.4
t,1400,none,2700,0.974,0.954,0.954,0.0,0.721,0.517,0.14,0.422,0.454,2.25,34.8
t,1400,none,2750,0.976,0.959,0.959,0.0,0.764,0.475,0.122,0.397,0.514,2.27,43.0
t,1400,none,2800,0.977,0.961,0.961,0.0,0.733,0.466,0.137,0.369,0.502,2.21,47.9
t,1400,none,2850,0.976,0.96,0.96,0.0,0.737,0.466,0.135,0.371,0.497,2.21,49.9
t,1400,none,2900,0.975,0.958,0.958,0.0,0.74,0.464,0.134,0.37,0.495,2.2,51.5
t,1400,none,2950,0.977,0.962,0.962,0.0,0.774,0.527,0.12,0.325,0.533,2.28,59.6
t,1400,none,3000,0.976,0.961,0.961,0.0,0.781,0.535,0.137,0.318,0.52,2.29,62.3
t,1400,none,3050,0.979,0.967,0.967,0.0,0.807,0.498,0.113,0.436,0.608,2.46,77.7
t,1400,none,3100,0.984,0.975,0.975,0.0,0.858,0.465,0.173,0.346,0.486,2.33,100.6
t,1400,none,3150,0.998,0.983,0.983,0.0,0.901,0.625,0.441,0.217,0.65,2.83,102.2
t,1400,none,3200,0.999,0.984,0.984,0.0,0.903,0.637,0.447,0.213,0.632,2.83,103.2
t,1400,none,3250,1.0,0.991,0.991,0.0,0.958,0.747,0.258,0.525,0.762,3.25,107.7
t,1400,none,3300,1.0,0.983,0.983,0.0,0.949,0.857,0.218,0.433,0.617,3.09,102.1
t,1400,none,3350,1.0,0.998,0.998,0.0,0.957,0.927,0.219,0.419,0.624,3.15,152.3
t,1400,none,3400,1.0,1.0,1.0,0.0,0.904,0.717,0.103,0.539,0.51,2.77,150.0
t,1400,none,3450,1.0,1.0,1.0,0.0,0.929,0.707,0.163,0.578,0.504,2.88,124.4
t,1400,none,3500,1.0,0.981,0.981,0.0,0.967,0.695,0.364,0.35,0.647,3.02,117.8
t,1400,none,3550,1.0,0.985,0.985,0.0,0.945,0.638,0.292,0.353,0.682,2.91,108.1
t,1400,none,3600,1.0,0.995,0.995,0.0,0.954,0.666,0.296,0.374,0.697,2.99,161.9
t,1400,none,3650,1.0,0.992,0.992,0.0,0.968,0.669,0.277,0.39,0.681,3.0,141.5
t,1400,none,3700,0.993,0.993,0.993,0.0,0.921,0.801,0.134,0.298,0.73,2.88,161.6
t,1400,none,3750,0.978,0.974,0.974,0.0,0.891,0.822,0.186,0.248,0.753,2.9,129.2
t,1400,none,3800,0.985,0.97,0.97,0.0,0.873,0.779,0.339,0.393,0.786,3.17,103.1
t,1400,none,3850,0.988,0.968,0.968,0.0,0.906,0.705,0.318,0.454,0.798,3.19,121.3
t,1400,none,3900,0.997,0.974,0.974,0.0,0.909,0.784,0.484,0.302,0.798,3.29,126.9
t,1400,none,3950,1.0,0.999,0.999,0.0,0.91,0.829,0.446,0.359,0.847,3.39,107.9
t,1400,none,4000,1.0,1.0,1.0,0.0,0.957,0.71,0.215,0.358,0.671,2.91,107.3
t,1400,none,4050,1.0,1.0,1.0,0.0,0.961,0.781,0.299,0.374,0.679,3.09,103.0
t,1400,none,4100,1.0,0.998,0.998,0.0,0.943,0.792,0.427,0.371,0.718,3.25,104.4
t,1400,none,4150,1.0,0.987,0.987,0.0,0.945,0.791,0.465,0.376,0.76,3.34,101.7
t,1400,none,4200,1.0,0.978,0.978,0.0,0.943,0.869,0.368,0.302,0.555,3.04,103.4
t,1400,none,4250,1.0,0.983,0.983,0.0,0.922,0.897,0.308,0.332,0.439,2.9,103.7
t,1400,none,4300,1.0,0.99,0.99,0.0,0.929,0.842,0.271,0.398,0.437,2.88,110.8
t,1400,none,4350,1.0,0.982,0.982,0.0,0.925,0.843,0.278,0.389,0.465,2.9,109.7
t,1400,none,4400,1.0,0.98,0.98,0.0,0.911,0.749,0.288,0.272,0.62,2.84,103.0
t,1400,none,4450,1.0,0.986,0.986,0.0,0.93,0.682,0.296,0.238,0.696,2.84,103.7
t,1400,none,4500,1.0,0.99,0.99,0.0,0.943,0.672,0.287,0.267,0.702,2.87,104.2
t,1400,none,4550,1.0,0.992,0.992,0.0,0.949,0.673,0.283,0.282,0.712,2.9,103.9
t,1400,none,4600,1.0,0.999,0.999,0.0,0.979,0.782,0.175,0.284,0.866,3.09,100.0
t,1400,none,4650,1.0,0.999,0.999,0.0,0.98,0.836,0.159,0.296,0.893,3.16,100.7
t,1400,none,4700,1.0,1.0,1.0,0.0,0.977,0.771,0.127,0.399,0.91,3.18,104.3
t,1400,none,4750,1.0,1.0,1.0,0.0,0.968,0.742,0.13,0.441,0.908,3.19,108.1
t,1400,none,4800,1.0,1.0,1.0,0.0,0.951,0.796,0.398,0.353,0.936,3.43,102.2
t,1400,none,4850,1.0,1.0,1.0,0.0,0.941,0.815,0.483,0.322,0.93,3.49,108.5
t,1400,none,4900,1.0,1.0,1.0,0.0,0.942,0.897,0.415,0.512,0.918,3.68,106.7
t,1400,none,4950,1.0,1.0,1.0,0.0,0.951,0.934,0.385,0.556,0.929,3.75,110.2
t,1400,none,5000,1.0,1.0,1.0,0.0,0.96,0.955,0.36,0.588,0.953,3.82,106.3
t,1400,none,5050,1.0,1.0,1.0,0.0,0.96,0.97,0.343,0.616,0.972,3.86,112.8
t,1400,none,5100,1.0,1.0,1.0,0.0,0.953,0.983,0.322,0.652,0.986,3.89,112.5
t,1400,none,5150,1.0,1.0,1.0,0.0,0.944,0.988,0.336,0.644,0.99,3.9,106.9
t,1400,none,5200,1.0,1.0,1.0,0.0,0.944,0.987,0.35,0.623,0.987,3.89,112.1
t,1400,none,5250,1.0,0.999,0.999,0.0,0.947,0.986,0.371,0.6,0.986,3.89,104.4
t,1400,none,5300,1.0,0.996,0.996,0.0,0.95,0.987,0.391,0.584,0.987,3.9,112.3
t,1400,none,5350,1.0,0.992,0.992,0.0,0.953,0.988,0.411,0.57,0.988,3.91,100.4
t,1400,none,5400,1.0,0.987,0.987,0.0,0.959,0.988,0.415,0.562,0.988,3.91,104.9
t,1400,none,5450,1.0,0.986,0.986,0.0,0.969,0.987,0.415,0.552,0.987,3.91,104.7
t,1400,none,5500,1.0,0.989,0.989,0.0,0.979,0.987,0.418,0.541,0.987,3.91,102.5
t,1400,none,5550,1.0,0.993,0.993,0.0,0.984,0.989,0.422,0.536,0.989,3.92,103.8
t,1400,none,5600,1.0,0.997,0.997,0.0,0.985,0.993,0.416,0.546,0.993,3.93,105.7
t,1400,none,5650,1.0,0.999,0.999,0.0,0.982,0.996,0.409,0.557,0.996,3.94,101.6
t,1400,none,5700,1.0,0.988,0.988,0.0,0.975,0.986,0.412,0.554,0.996,3.92,109.2
t,1400,none,5750,1.0,0.986,0.986,0.0,0.965,0.983,0.427,0.553,0.995,3.92,105.7
t,1400,none,5800,1.0,0.987,0.987,0.0,0.951,0.982,0.446,0.55,0.99,3.92,102.6
t,1400,none,5850,1.0,0.991,0.991,0.0,0.94,0.982,0.458,0.548,0.985,3.91,100.2
t,1400,none,5900,1.0,0.995,0.995,0.0,0.942,0.98,0.453,0.545,0.982,3.9,110.4
t,1400,none,5950,1.0,0.998,0.998,0.0,0.947,0.978,0.446,0.541,0.98,3.89,102.4
t,1400,none,6000,1.0,0.999,0.999,0.0,0.961,0.975,0.433,0.537,0.98,3.89,107.8
t,1400,none,6050,1.0,1.0,1.0,0.0,0.978,0.953,0.414,0.523,0.963,3.83,102.0
t,1400,none,6100,1.0,1.0,1.0,0.0,0.986,0.941,0.401,0.527,0.956,3.81,109.7
t,1400,none,6150,1.0,1.0,1.0,0.0,0.991,0.936,0.391,0.535,0.952,3.8,108.2
t,1400,none,6200,1.0,1.0,1.0,0.0,0.99,0.938,0.385,0.547,0.953,3.81,108.9
t,1400,none,6250,1.0,1.0,1.0,0.0,0.987,0.949,0.389,0.561,0.953,3.84,111.1
t,1400,none,6300,1.0,1.0,1.0,0.0,0.984,0.963,0.4,0.571,0.957,3.88,112.9
t,1400,none,6350,1.0,1.0,1.0,0.0,0.983,0.979,0.415,0.577,0.96,3.91,100.3
t,1400,none,6400,1.0,1.0,1.0,0.0,0.984,0.989,0.421,0.584,0.964,3.94,100.7
t,1400,none,6450,1.0,1.0,1.0,0.0,0.969,0.992,0.417,0.591,0.958,3.93,101.7
t,1400,none,6500,1.0,1.0,1.0,0.0,0.968,0.987,0.393,0.613,0.965,3.92,105.0
t,1400,none,6550,1.0,1.0,1.0,0.0,0.968,0.979,0.375,0.628,0.969,3.92,104.2
t,1400,none,6600,1.0,1.0,1.0,0.0,0.97,0.971,0.367,0.633,0.971,3.91,103.3
t,1400,none,6650,1.0,1.0,1.0,0.0,0.975,0.963,0.374,0.619,0.974,3.9,105.9
t,1400,none,6700,1.0,1.0,1.0,0.0,0.979,0.955,0.375,0.607,0.976,3.89,108.2
t,1400,none,6750,1.0,1.0,1.0,0.0,0.982,0.948,0.375,0.598,0.977,3.88,107.4
t,1400,none,6800,1.0,1.0,1.0,0.0,0.983,0.943,0.371,0.594,0.975,3.87,104.5
t,1400,none,6850,1.0,1.0,1.0,0.0,0.983,0.944,0.395,0.568,0.974,3.86,107.0
t,1400,none,6900,1.0,1.0,1.0,0.0,0.981,0.943,0.393,0.566,0.972,3.86,100.4
t,1400,none,6950,1.0,1.0,1.0,0.0,0.978,0.946,0.383,0.578,0.971,3.86,105.2
t,1400,none,7000,1.0,1.0,1.0,0.0,0.976,0.95,0.377,0.586,0.971,3.86,103.0
t,1400,none,7050,1.0,1.0,1.0,0.0,0.974,0.955,0.37,0.595,0.972,3.87,101.3
t,1400,none,7100,1.0,1.0,1.0,0.0,0.974,0.96,0.363,0.605,0.975,3.89,104.0
t,1400,none,7150,1.0,1.0,1.0,0.0,0.974,0.964,0.356,0.614,0.978,3.9,101.1
t,1400,none,7200,1.0,1.0,1.0,0.0,0.975,0.968,0.35,0.623,0.981,3.91,103.4
t,1400,none,7250,1.0,1.0,1.0,0.0,0.976,0.971,0.344,0.632,0.984,3.92,101.3
t,1400,none,7300,1.0,1.0,1.0,0.0,0.976,0.974,0.337,0.642,0.985,3.93,104.8
t,1400,none,7350,1.0,1.0,1.0,0.0,0.975,0.976,0.329,0.652,0.986,3.93,103.2
t,1400,none,7400,1.0,1.0,1.0,0.0,0.974,0.978,0.321,0.663,0.985,3.93,100.8
t,1400,none,7450,1.0,1.0,1.0,0.0,0.97,0.981,0.313,0.672,0.982,3.93,101.7
t,1400,none,7500,1.0,1.0,1.0,0.0,0.964,0.983,0.306,0.68,0.979,3.92,101.7
t,1400,none,7550,1.0,1.0,1.0,0.0,0.958,0.985,0.302,0.685,0.976,3.91,101.6
t,1400,none,7600,1.0,1.0,1.0,0.0,0.952,0.988,0.299,0.688,0.974,3.91,101.9
t,1900,none,800,0.641,0.0,0.0,0.0,0.314,0.262,0.12,0.037,0.132,0.9,1450.1
t,1900,none,850,0.647,0.015,0.015,0.0,0.324,0.258,0.118,0.036,0.13,0.9,1102.1
t,1900,none,900,0.657,0.043,0.043,0.0,0.343,0.251,0.115,0.035,0.127,0.9,408.8
t,1900,none,950,0.653,0.033,0.033,0.0,0.337,0.253,0.116,0.035,0.128,0.9,573.6
t,1900,none,1000,0.649,0.022,0.022,0.0,0.329,0.256,0.117,0.036,0.129,0.9,863.7
t,1900,none,1050,0.662,0.058,0.058,0.0,0.354,0.247,0.113,0.034,0.125,0.9,248.3
t,1900,none,1100,0.651,0.03,0.03,0.0,0.334,0.252,0.115,0.036,0.127,0.89,641.5
t,1900,none,1150,0.604,0.004,0.004,0.0,0.277,0.19,0.087,0.047,0.096,0.72,184.2
t,1900,none,1200,0.575,0.003,0.003,0.0,0.253,0.152,0.07,0.047,0.077,0.62,108.5
t,1900,none,1250,0.601,0.005,0.005,0.0,0.312,0.136,0.062,0.039,0.069,0.63,126.4
t,1900,none,1300,0.61,0.07,0.07,0.0,0.336,0.128,0.05,0.034,0.074,0.63,111.8
t,1900,none,1350,0.749,0.052,0.052,0.0,0.248,0.135,0.06,0.019,0.036,0.5,110.7
t,1900,none,1400,0.685,0.052,0.052,0.0,0.3,0.17,0.11,0.016,0.059,0.66,110.6
t,1900,none,1450,0.798,0.043,0.043,0.0,0.439,0.157,0.085,0.018,0.037,0.74,103.4
t,1900,none,1500,0.813,0.127,0.127,0.0,0.469,0.173,0.095,0.018,0.024,0.78,100.6
t,1900,none,1550,0.809,0.15,0.15,0.0,0.466,0.199,0.109,0.026,0.036,0.84,102.1
t,1900,none,1600,0.776,0.175,0.175,0.0,0.483,0.211,0.119,0.037,0.057,0.91,103.7
t,1900,none,1650,0.791,0.141,0.141,0.0,0.593,0.25,0.112,0.029,0.075,1.06,110.2
t,1900,none,1700,0.755,0.231,0.231,0.0,0.563,0.245,0.119,0.021,0.092,1.04,103.0
t,1900,none,1750,0.725,0.242,0.242,0.0,0.51,0.242,0.12,0.054,0.093,1.02,104.8
t,1900,none,1800,0.768,0.481,0.481,0.0,0.591,0.216,0.082,0.067,0.06,1.02,101.1
t,1900,none,1850,0.745,0.489,0.489,0.0,0.596,0.213,0.073,0.074,0.095,1.05,104.2
t,1900,none,1900,0.679,0.481,0.481,0.0,0.559,0.201,0.072,0.079,0.087,1.0,102.3
t,1900,none,1950,0.596,0.418,0.418,0.0,0.51,0.201,0.08,0.08,0.075,0.95,107.0
t,1900,none,2000,0.652,0.557,0.557,0.0,0.615,0.418,0.073,0.044,0.123,1.27,107.1
t,1900,none,2050,0.651,0.535,0.535,0.0,0.615,0.452,0.094,0.02,0.134,1.31,108.0
t,1900,none,2100,0.64,0.528,0.528,0.0,0.58,0.431,0.09,0.019,0.135,1.25,103.3
t,1900,none,2150,0.596,0.478,0.478,0.0,0.529,0.379,0.074,0.032,0.124,1.14,103.5
t,1900,none,2200,0.602,0.496,0.496,0.0,0.559,0.399,0.141,0.043,0.134,1.28,110.0
t,1900,none,2250,0.59,0.458,0.458,0.0,0.538,0.398,0.178,0.052,0.164,1.33,111.8
t,1900,none,2300,0.599,0.476,0.476,0.0,0.553,0.375,0.169,0.154,0.156,1.41,106.9
t,1900,none,2350,0.576,0.459,0.459,0.0,0.531,0.341,0.156,0.162,0.15,1.34,102.2
t,1900,none,2400,0.604,0.513,0.513,0.0,0.57,0.413,0.157,0.131,0.26,1.54,101.6
t,1900,none,2450,0.594,0.497,0.497,0.0,0.533,0.412,0.172,0.104,0.261,1.49,105.6
t,1900,none,2500,0.587,0.48,0.48,0.0,0.524,0.394,0.175,0.114,0.279,1.5,101.4
t,1900,none,2550,0.582,0.45,0.45,0.0,0.514,0.393,0.161,0.119,0.253,1.45,104.2
t,1900,none,2600,0.624,0.499,0.499,0.0,0.575,0.465,0.215,0.097,0.351,1.71,104.5
t,1900,none,2650,0.615,0.471,0.471,0.0,0.58,0.453,0.208,0.099,0.334,1.68,109.5
t,1900,none,2700,0.614,0.473,0.473,0.0,0.603,0.462,0.195,0.131,0.35,1.75,103.4
t,1900,none,2750,0.652,0.465,0.465,0.0,0.657,0.4,0.159,0.138,0.352,1.71,103.6
t,1900,none,2800,0.697,0.525,0.525,0.0,0.658,0.387,0.164,0.15,0.335,1.7,102.4
t,1900,none,2850,0.706,0.52,0.52,0.0,0.667,0.399,0.166,0.163,0.319,1.72,109.3
t,1900,none,2900,0.696,0.512,0.512,0.0,0.671,0.419,0.18,0.174,0.326,1.78,101.5
t,1900,none,2950,0.69,0.509,0.509,0.0,0.678,0.465,0.206,0.155,0.362,1.88,106.3
t,1900,none,3000,0.694,0.523,0.523,0.0,0.64,0.514,0.213,0.126,0.372,1.87,104.7
t,1900,none,3050,0.688,0.518,0.518,0.0,0.607,0.482,0.193,0.14,0.385,1.81,105.5
t,1900,none,3100,0.721,0.58,0.58,0.0,0.628,0.379,0.139,0.116,0.353,1.62,100.3
t,1900,none,3150,0.75,0.593,0.593,0.0,0.658,0.351,0.141,0.1,0.334,1.58,106.8
t,1900,none,3200,0.768,0.583,0.583,0.0,0.654,0.316,0.124,0.097,0.29,1.48,106.3
t,1900,none,3250,0.788,0.583,0.583,0.0,0.675,0.341,0.113,0.16,0.298,1.59,106.4
t,1900,none,3300,0.843,0.656,0.656,0.0,0.75,0.484,0.084,0.155,0.243,1.72,103.1
t,1900,none,3350,0.849,0.632,0.632,0.0,0.746,0.5,0.093,0.16,0.234,1.74,106.8
t,1900,none,3400,0.859,0.657,0.657,0.0,0.767,0.466,0.098,0.244,0.243,1.83,105.5
t,1900,none,3450,0.848,0.653,0.653,0.0,0.771,0.459,0.114,0.278,0.261,1.9,103.9
t,1900,none,3500,0.872,0.73,0.73,0.0,0.817,0.424,0.178,0.273,0.382,2.09,104.8
t,1900,none,3550,0.864,0.719,0.719,0.0,0.817,0.434,0.207,0.268,0.396,2.13,100.2
t,1900,none,3600,0.858,0.714,0.714,0.0,0.816,0.46,0.208,0.291,0.388,2.17,104.3
t,1900,none,3650,0.852,0.686,0.686,0.0,0.809,0.465,0.207,0.287,0.374,2.15,100.6
t,1900,none,3700,0.891,0.771,0.771,0.0,0.713,0.519,0.183,0.209,0.441,2.07,101.4
t,1900,none,3750,0.89,0.778,0.778,0.0,0.679,0.519,0.164,0.194,0.444,2.0,104.0
t,1900,none,3800,0.897,0.801,0.801,0.0,0.665,0.512,0.163,0.248,0.467,2.06,105.7
t,1900,none,3850,0.893,0.791,0.791,0.0,0.648,0.52,0.155,0.24,0.458,2.02,102.3
t,1900,none,3900,0.924,0.861,0.861,0.0,0.665,0.655,0.315,0.165,0.56,2.36,102.6
t,1900,none,3950,0.925,0.847,0.847,0.0,0.68,0.683,0.342,0.16,0.577,2.44,100.5
t,1900,none,4000,0.952,0.904,0.904,0.0,0.765,0.574,0.266,0.204,0.48,2.29,108.4
t,1900,none,4050,0.956,0.887,0.887,0.0,0.801,0.55,0.259,0.196,0.465,2.27,105.9
t,1900,none,4100,0.952,0.881,0.881,0.0,0.809,0.543,0.268,0.181,0.455,2.26,103.5
t,1900,none,4150,0.939,0.864,0.864,0.0,0.796,0.55,0.289,0.175,0.45,2.26,104.8
t,1900,none,4200,0.951,0.901,0.901,0.0,0.864,0.692,0.289,0.146,0.362,2.35,103.5
t,1900,none,4250,0.938,0.89,0.89,0.0,0.85,0.745,0.294,0.15,0.341,2.39,101.2
t,1900,none,4300,0.936,0.896,0.896,0.0,0.851,0.696,0.279,0.248,0.339,2.43,102.4
t,1900,none,4350,0.934,0.895,0.895,0.0,0.85,0.67,0.267,0.264,0.336,2.4,105.0
t,1900,none,4400,0.956,0.939,0.939,0.0,0.901,0.523,0.287,0.195,0.472,2.39,107.5
t,1900,none,4450,0.967,0.956,0.956,0.0,0.916,0.485,0.298,0.164,0.522,2.39,103.0
t,1900,none,4500,0.974,0.965,0.965,0.0,0.923,0.497,0.302,0.17,0.531,2.43,102.9
t,1900,none,4550,0.975,0.967,0.967,0.0,0.92,0.503,0.306,0.168,0.529,2.43,101.1
t,1900,none,4600,0.997,0.996,0.996,0.0,0.967,0.754,0.215,0.114,0.782,2.83,102.8
t,1900,none,4650,0.994,0.994,0.994,0.0,0.952,0.803,0.189,0.114,0.794,2.85,106.3
t,1900,none,4700,0.993,0.993,0.993,0.0,0.921,0.786,0.15,0.228,0.797,2.88,101.0
t,1900,none,4750,0.972,0.972,0.972,0.0,0.867,0.725,0.135,0.249,0.759,2.73,103.9
t,1900,none,4800,0.971,0.97,0.97,0.0,0.848,0.777,0.385,0.198,0.826,3.03,108.3
t,1900,none,4850,0.963,0.962,0.962,0.0,0.826,0.754,0.463,0.165,0.816,3.02,108.7
t,1900,none,4900,0.967,0.966,0.966,0.0,0.844,0.787,0.396,0.366,0.852,3.25,103.5
t,1900,none,4950,0.967,0.964,0.964,0.0,0.862,0.802,0.379,0.404,0.852,3.3,103.6
t,1900,none,5000,0.972,0.964,0.964,0.0,0.879,0.813,0.377,0.422,0.86,3.35,109.6
t,1900,none,5050,0.979,0.963,0.963,0.0,0.892,0.827,0.377,0.44,0.872,3.41,100.9
t,1900,none,5100,0.988,0.966,0.966,0.0,0.882,0.858,0.386,0.485,0.883,3.49,103.1
t,1900,none,5150,0.992,0.966,0.966,0.0,0.882,0.873,0.389,0.501,0.882,3.53,100.7
t,1900,none,5200,0.989,0.964,0.964,0.0,0.887,0.881,0.389,0.493,0.871,3.52,105.9
t,1900,none,5250,0.986,0.961,0.961,0.0,0.893,0.891,0.396,0.486,0.865,3.53,107.8
t,1900,none,5300,0.983,0.959,0.959,0.0,0.901,0.905,0.4,0.487,0.866,3.56,102.4
t,1900,none,5350,0.981,0.96,0.96,0.0,0.91,0.921,0.392,0.508,0.881,3.61,107.0
t,1900,none,5400,0.98,0.927,0.927,0.0,0.911,0.941,0.389,0.523,0.867,3.63,104.9
t,1900,none,5450,0.981,0.928,0.928,0.0,0.913,0.95,0.377,0.55,0.881,3.67,107.0
t,1900,none,5500,0.982,0.932,0.932,0.0,0.918,0.957,0.378,0.564,0.897,3.71,101.9
t,1900,none,5550,0.985,0.939,0.939,0.0,0.924,0.956,0.382,0.568,0.91,3.74,106.1
t,1900,none,5600,0.988,0.933,0.933,0.0,0.919,0.955,0.405,0.552,0.926,3.76,105.1
t,1900,none,5650,0.991,0.939,0.939,0.0,0.926,0.951,0.416,0.543,0.936,3.77,102.8
t,1900,none,5700,0.995,0.921,0.921,0.0,0.935,0.922,0.417,0.518,0.919,3.71,102.1
t,1900,none,5750,0.997,0.929,0.929,0.0,0.941,0.921,0.426,0.51,0.922,3.72,106.1
t,1900,none,5800,0.998,0.938,0.938,0.0,0.946,0.922,0.436,0.504,0.926,3.73,102.5
t,1900,none,5850,0.999,0.95,0.95,0.0,0.95,0.928,0.445,0.505,0.931,3.76,105.2
t,1900,none,5900,0.999,0.948,0.948,0.0,0.955,0.935,0.448,0.501,0.923,3.76,102.5
t,1900,none,5950,1.0,0.96,0.96,0.0,0.947,0.942,0.449,0.513,0.929,3.78,100.1
t,1900,none,6000,1.0,0.969,0.969,0.0,0.949,0.947,0.452,0.524,0.934,3.81,103.2
t,1900,none,6050,1.0,0.978,0.978,0.0,0.954,0.926,0.443,0.523,0.914,3.76,102.4
t,1900,none,6100,1.0,0.984,0.984,0.0,0.957,0.924,0.436,0.537,0.914,3.77,106.4
t,1900,none,6150,1.0,0.99,0.99,0.0,0.96,0.921,0.427,0.552,0.916,3.78,104.5
t,1900,none,6200,1.0,0.994,0.994,0.0,0.963,0.919,0.414,0.57,0.919,3.79,103.0
t,1900,none,6250,1.0,0.997,0.997,0.0,0.965,0.92,0.387,0.572,0.913,3.76,102.9
t,1900,none,6300,1.0,0.998,0.998,0.0,0.964,0.919,0.372,0.589,0.922,3.77,101.0
t,1900,none,6350,1.0,0.999,0.999,0.0,0.961,0.92,0.362,0.6,0.931,3.77,103.8
t,1900,none,6400,1.0,0.999,0.999,0.0,0.958,0.92,0.353,0.61,0.94,3.78,100.4
t,1900,none,6450,1.0,1.0,1.0,0.0,0.957,0.916,0.374,0.583,0.902,3.73,102.5
t,1900,none,6500,1.0,1.0,1.0,0.0,0.953,0.914,0.376,0.579,0.906,3.73,103.8
t,1900,none,6550,1.0,1.0,1.0,0.0,0.95,0.912,0.379,0.575,0.91,3.73,101.2
t,1900,none,6600,1.0,1.0,1.0,0.0,0.947,0.911,0.383,0.57,0.915,3.73,103.6
t,1900,none,6650,1.0,1.0,1.0,0.0,0.946,0.912,0.38,0.553,0.921,3.71,103.8
t,1900,none,6700,1.0,1.0,1.0,0.0,0.944,0.912,0.383,0.545,0.927,3.71,101.7
t,1900,none,6750,1.0,1.0,1.0,0.0,0.944,0.914,0.386,0.541,0.932,3.72,103.3
t,1900,none,6800,1.0,1.0,1.0,0.0,0.945,0.917,0.389,0.539,0.938,3.73,104.1
t,1900,none,6850,1.0,1.0,1.0,0.0,0.936,0.927,0.45,0.484,0.95,3.75,102.4
t,1900,none,6900,1.0,1.0,1.0,0.0,0.939,0.933,0.456,0.482,0.954,3.76,103.3
t,1900,none,6950,1.0,1.0,1.0,0.0,0.942,0.938,0.459,0.483,0.958,3.78,104.8
t,1900,none,7000,1.0,1.0,1.0,0.0,0.946,0.944,0.458,0.479,0.962,3.8,102.9
t,1900,none,7050,1.0,1.0,1.0,0.0,0.95,0.95,0.459,0.481,0.964,3.82,100.7
t,1900,none,7100,1.0,1.0,1.0,0.0,0.955,0.955,0.458,0.485,0.963,3.83,103.3
t,1900,none,7150,1.0,1.0,1.0,0.0,0.959,0.96,0.459,0.488,0.962,3.84,101.4
t,1900,none,7200,1.0,1.0,1.0,0.0,0.964,0.965,0.455,0.497,0.96,3.86,100.4
t,1900,none,7250,1.0,1.0,1.0,0.0,0.966,0.968,0.46,0.496,0.956,3.86,102.3
t,1900,none,7300,1.0,1.0,1.0,0.0,0.969,0.972,0.466,0.495,0.952,3.87,100.1
t,1900,none,7350,1.0,1.0,1.0,0.0,0.969,0.973,0.481,0.483,0.95,3.87,103.8
t,1900,none,7400,1.0,1.0,1.0,0.0,0.97,0.975,0.491,0.477,0.947,3.87,102.4
t,1900,none,7450,1.0,1.0,1.0,0.0,0.969,0.976,0.501,0.47,0.945,3.87,101.3
t,1900,none,7500,1.0,1.0,1.0,0.0,0.968,0.976,0.511,0.462,0.944,3.87,100.8
t,1900,none,7550,1.0,1.0,1.0,0.0,0.966,0.975,0.52,0.456,0.944,3.87,100.5
t,1900,none,7600,1.0,1.0,1.0,0.0,0.964,0.974,0.526,0.451,0.946,3.87,100.3
t,2400,none,800,0.081,0.081,0.081,0.0,0.011,0.022,0.005,0.002,0.0,0.04,118.7
t,2400,none,850,0.084,0.084,0.084,0.0,0.011,0.022,0.005,0.001,0.0,0.04,109.3
t,2400,none,900,0.071,0.071,0.071,0.0,0.011,0.022,0.005,0.001,0.0,0.04,129.8
t,2400,none,950,0.062,0.062,0.062,0.0,0.011,0.023,0.006,0.0,0.0,0.04,126.1
t,2400,none,1000,0.007,0.007,0.007,0.0,0.014,0.027,0.007,0.0,0.0,0.05,147.0
t,2400,none,1050,0.0,0.0,0.0,0.0,0.014,0.027,0.007,0.0,0.0,0.05,146.0
t,2400,none,1100,0.0,0.0,0.0,0.0,0.014,0.027,0.007,0.0,0.0,0.05,146.0
t,2400,none,1150,0.007,0.0,0.0,0.0,0.014,0.027,0.007,0.0,0.0,0.05,147.0
t,2400,none,1200,0.007,0.0,0.0,0.0,0.02,0.034,0.007,0.0,0.0,0.06,148.0
t,2400,none,1250,0.007,0.0,0.0,0.0,0.02,0.034,0.007,0.0,0.0,0.06,148.0
t,2400,none,1300,0.007,0.0,0.0,0.0,0.02,0.034,0.007,0.0,0.0,0.06,148.0
t,2400,none,1350,0.007,0.0,0.0,0.0,0.02,0.034,0.007,0.0,0.0,0.06,148.0
t,2400,none,1400,0.007,0.0,0.0,0.0,0.02,0.034,0.007,0.0,0.0,0.06,148.0
t,2400,none,1450,0.007,0.0,0.0,0.0,0.02,0.034,0.007,0.0,0.0,0.06,148.0
t,2400,none,1500,0.007,0.0,0.0,0.0,0.02,0.034,0.007,0.0,0.0,0.06,148.0
t,2400,none,1550,0.007,0.0,0.0,0.0,0.02,0.034,0.007,0.0,0.0,0.06,148.0
t,2400,none,1600,0.007,0.0,0.0,0.0,0.02,0.034,0.007,0.0,0.0,0.06,148.0
t,2400,none,1650,0.007,0.0,0.0,0.0,0.02,0.034,0.007,0.0,0.0,0.06,148.0
t,2400,none,1700,0.007,0.0,0.0,0.0,0.02,0.033,0.007,0.0,0.0,0.06,151.0
t,2400,none,1750,0.013,0.0,0.0,0.0,0.026,0.033,0.007,0.007,0.0,0.07,152.0
t,2400,none,1800,0.044,0.032,0.032,0.0,0.057,0.038,0.013,0.013,0.006,0.13,158.0
t,2400,none,1850,0.079,0.03,0.03,0.0,0.085,0.067,0.024,0.012,0.012,0.2,164.0
t,2400,none,1900,0.09,0.042,0.042,0.0,0.084,0.077,0.036,0.012,0.012,0.22,174.5
t,2400,none,1950,0.072,0.03,0.03,0.0,0.082,0.046,0.022,0.019,0.02,0.19,128.3
t,2400,none,2000,0.155,0.104,0.104,0.0,0.169,0.159,0.05,0.013,0.028,0.42,211.0
t,2400,none,2050,0.208,0.16,0.16,0.0,0.192,0.142,0.036,0.025,0.017,0.42,375.2
t,2400,none,2100,0.2,0.153,0.153,0.0,0.196,0.139,0.03,0.02,0.041,0.43,308.6
t,2400,none,2150,0.126,0.096,0.096,0.0,0.13,0.134,0.027,0.008,0.045,0.35,118.0
t,2400,none,2200,0.155,0.139,0.139,0.0,0.164,0.16,0.071,0.009,0.093,0.51,114.4
t,2400,none,2250,0.136,0.13,0.13,0.0,0.152,0.158,0.07,0.014,0.075,0.48,121.6
t,2400,none,2300,0.137,0.137,0.137,0.0,0.154,0.137,0.049,0.034,0.057,0.43,122.3
t,2400,none,2350,0.113,0.113,0.113,0.0,0.149,0.103,0.029,0.028,0.029,0.34,112.7
t,2400,none,2400,0.142,0.134,0.134,0.0,0.158,0.117,0.041,0.022,0.052,0.39,142.7
t,2400,none,2450,0.226,0.178,0.178,0.0,0.211,0.179,0.089,0.039,0.083,0.6,134.8
t,2400,none,2500,0.33,0.252,0.252,0.0,0.288,0.217,0.103,0.104,0.129,0.84,107.7
t,2400,none,2550,0.371,0.239,0.239,0.0,0.307,0.229,0.068,0.084,0.123,0.81,106.5
t,2400,none,2600,0.541,0.43,0.43,0.0,0.503,0.366,0.192,0.097,0.302,1.47,153.5
t,2400,none,2650,0.63,0.497,0.497,0.0,0.522,0.42,0.181,0.147,0.335,1.6,135.3
t,2400,none,2700,0.556,0.438,0.438,0.0,0.439,0.388,0.18,0.14,0.292,1.44,103.8
t,2400,none,2750,0.471,0.404,0.404,0.0,0.434,0.404,0.18,0.179,0.267,1.46,109.8
t,2400,none,2800,0.469,0.411,0.411,0.0,0.389,0.354,0.166,0.159,0.249,1.32,105.6
t,2400,none,2850,0.496,0.398,0.398,0.0,0.388,0.301,0.151,0.134,0.22,1.2,113.1
t,2400,none,2900,0.617,0.478,0.478,0.0,0.431,0.31,0.152,0.116,0.207,1.22,123.2
t,2400,none,2950,0.671,0.565,0.565,0.0,0.404,0.298,0.126,0.134,0.221,1.19,117.3
t,2400,none,3000,0.619,0.513,0.513,0.0,0.392,0.287,0.112,0.134,0.208,1.14,114.7
t,2400,none,3050,0.546,0.424,0.424,0.0,0.398,0.282,0.098,0.14,0.202,1.13,109.2
t,2400,none,3100,0.571,0.46,0.46,0.0,0.458,0.26,0.087,0.126,0.183,1.12,124.3
t,2400,none,3150,0.597,0.494,0.494,0.0,0.504,0.222,0.075,0.116,0.173,1.09,116.5
t,2400,none,3200,0.631,0.529,0.529,0.0,0.53,0.192,0.07,0.11,0.184,1.09,110.3
t,2400,none,3250,0.658,0.549,0.549,0.0,0.563,0.188,0.073,0.118,0.2,1.14,100.5
t,2400,none,3300,0.708,0.597,0.597,0.0,0.617,0.275,0.092,0.133,0.203,1.32,100.4
t,2400,none,3350,0.719,0.559,0.559,0.0,0.62,0.309,0.115,0.128,0.203,1.37,102.7
t,2400,none,3400,0.733,0.525,0.525,0.0,0.636,0.32,0.142,0.139,0.181,1.42,106.4
t,2400,none,3450,0.75,0.491,0.491,0.0,0.652,0.324,0.163,0.14,0.169,1.45,105.4
t,2400,none,3500,0.822,0.569,0.569,0.0,0.746,0.357,0.235,0.111,0.216,1.67,102.7
t,2400,none,3550,0.86,0.555,0.555,0.0,0.731,0.4,0.23,0.102,0.221,1.68,106.7
t,2400,none,3600,0.881,0.583,0.583,0.0,0.755,0.415,0.23,0.114,0.232,1.75,105.9
t,2400,none,3650,0.892,0.598,0.598,0.0,0.764,0.42,0.226,0.125,0.236,1.77,102.2
t,2400,none,3700,0.923,0.698,0.698,0.0,0.74,0.472,0.177,0.132,0.331,1.85,107.5
t,2400,none,3750,0.927,0.723,0.723,0.0,0.715,0.471,0.159,0.137,0.335,1.83,100.5
t,2400,none,3800,0.927,0.745,0.745,0.0,0.717,0.456,0.166,0.197,0.355,1.9,104.8
t,2400,none,3850,0.922,0.728,0.728,0.0,0.693,0.455,0.159,0.219,0.349,1.89,106.5
t,2400,none,3900,0.943,0.806,0.806,0.0,0.699,0.564,0.283,0.186,0.456,2.2,103.5
t,2400,none,3950,0.939,0.806,0.806,0.0,0.697,0.58,0.32,0.185,0.481,2.27,101.6
t,2400,none,4000,0.958,0.876,0.876,0.0,0.781,0.507,0.261,0.23,0.467,2.25,104.2
t,2400,none,4050,0.954,0.873,0.873,0.0,0.792,0.504,0.277,0.239,0.479,2.3,102.2
t,2400,none,4100,0.949,0.866,0.866,0.0,0.794,0.51,0.295,0.243,0.493,2.34,104.3
t,2400,none,4150,0.945,0.862,0.862,0.0,0.798,0.517,0.314,0.246,0.51,2.39,100.6
t,2400,none,4200,0.958,0.904,0.904,0.0,0.85,0.66,0.256,0.215,0.43,2.41,104.7
t,2400,none,4250,0.961,0.911,0.911,0.0,0.862,0.68,0.259,0.205,0.436,2.44,104.6
t,2400,none,4300,0.968,0.927,0.927,0.0,0.864,0.657,0.234,0.288,0.416,2.46,103.8
t,2400,none,4350,0.971,0.919,0.919,0.0,0.868,0.646,0.233,0.297,0.429,2.47,103.0
t,2400,none,4400,0.99,0.962,0.962,0.0,0.874,0.52,0.224,0.195,0.514,2.33,101.9
t,2400,none,4450,0.992,0.955,0.955,0.0,0.87,0.505,0.242,0.175,0.531,2.32,101.9
t,2400,none,4500,0.992,0.95,0.95,0.0,0.872,0.514,0.251,0.185,0.521,2.34,101.9
t,2400,none,4550,0.989,0.944,0.944,0.0,0.872,0.521,0.258,0.19,0.509,2.35,104.4
t,2400,none,4600,0.994,0.958,0.958,0.0,0.9,0.661,0.242,0.134,0.669,2.61,103.5
t,2400,none,4650,0.991,0.956,0.956,0.0,0.907,0.688,0.243,0.133,0.681,2.65,100.2
t,2400,none,4700,0.989,0.962,0.962,0.0,0.915,0.639,0.206,0.268,0.737,2.76,104.7
t,2400,none,4750,0.963,0.939,0.939,0.0,0.896,0.618,0.194,0.282,0.72,2.71,103.7
t,2400,none,4800,0.964,0.952,0.952,0.0,0.912,0.729,0.393,0.229,0.781,3.04,103.2
t,2400,none,4850,0.963,0.953,0.953,0.0,0.913,0.738,0.436,0.219,0.778,3.08,101.1
t,2400,none,4900,0.966,0.963,0.963,0.0,0.931,0.792,0.398,0.353,0.821,3.3,102.7
t,2400,none,4950,0.97,0.967,0.967,0.0,0.935,0.805,0.416,0.36,0.823,3.34,102.5
t,2400,none,5000,0.974,0.971,0.971,0.0,0.937,0.815,0.432,0.36,0.825,3.37,102.4
t,2400,none,5050,0.978,0.974,0.974,0.0,0.938,0.822,0.447,0.356,0.828,3.39,102.5
t,2400,none,5100,0.983,0.979,0.979,0.0,0.942,0.841,0.435,0.394,0.844,3.46,105.1
t,2400,none,5150,0.987,0.98,0.98,0.0,0.939,0.843,0.435,0.397,0.849,3.46,104.0
t,2400,none,5200,0.99,0.98,0.98,0.0,0.934,0.843,0.432,0.4,0.854,3.46,100.7
t,2400,none,5250,0.991,0.979,0.979,0.0,0.928,0.838,0.424,0.402,0.855,3.45,100.4
t,2400,none,5300,0.991,0.978,0.978,0.0,0.923,0.833,0.415,0.402,0.854,3.43,103.9
t,2400,none,5350,0.992,0.978,0.978,0.0,0.919,0.83,0.408,0.403,0.852,3.41,103.4
t,2400,none,5400,0.993,0.967,0.967,0.0,0.905,0.834,0.393,0.409,0.843,3.38,101.0
t,2400,none,5450,0.994,0.966,0.966,0.0,0.9,0.834,0.387,0.409,0.839,3.37,101.4
t,2400,none,5500,0.994,0.965,0.965,0.0,0.897,0.835,0.383,0.409,0.834,3.36,102.1
t,2400,none,5550,0.994,0.965,0.965,0.0,0.895,0.836,0.379,0.408,0.83,3.35,103.2
t,2400,none,5600,0.995,0.966,0.966,0.0,0.891,0.838,0.376,0.411,0.826,3.34,100.7
t,2400,none,5650,0.995,0.966,0.966,0.0,0.889,0.84,0.375,0.412,0.822,3.34,102.1
t,2400,none,5700,0.996,0.895,0.895,0.0,0.895,0.824,0.361,0.383,0.757,3.22,103.0
t,2400,none,5750,0.996,0.894,0.894,0.0,0.895,0.825,0.36,0.384,0.752,3.22,103.7
t,2400,none,5800,0.996,0.891,0.891,0.0,0.895,0.827,0.359,0.385,0.746,3.21,100.5
t,2400,none,5850,0.996,0.892,0.892,0.0,0.896,0.828,0.36,0.387,0.744,3.22,100.9
t,2400,none,5900,0.996,0.88,0.88,0.0,0.898,0.832,0.356,0.383,0.732,3.2,101.5
t,2400,none,5950,0.997,0.882,0.882,0.0,0.899,0.834,0.359,0.384,0.731,3.21,101.3
t,2400,none,6000,0.997,0.885,0.885,0.0,0.901,0.835,0.362,0.386,0.732,3.22,100.9
t,2400,none,6050,0.997,0.885,0.885,0.0,0.903,0.824,0.357,0.382,0.716,3.18,94.5
t,2400,none,6100,0.998,0.853,0.853,0.0,0.907,0.832,0.364,0.369,0.686,3.16,88.9
t,2400,none,6150,0.998,0.852,0.852,0.0,0.908,0.833,0.367,0.37,0.681,3.16,82.4
t,2400,none,6200,0.998,0.852,0.852,0.0,0.91,0.835,0.37,0.371,0.677,3.16,76.4
t,2400,none,6250,0.999,0.858,0.858,0.0,0.915,0.844,0.4,0.356,0.647,3.16,72.3
t,2400,none,6300,0.999,0.842,0.842,0.0,0.898,0.85,0.398,0.348,0.651,3.14,67.9
t,2400,none,6350,0.999,0.844,0.844,0.0,0.899,0.852,0.405,0.347,0.65,3.15,63.3
t,2400,none,6400,0.999,0.848,0.848,0.0,0.901,0.854,0.413,0.345,0.649,3.16,59.2
t,2400,none,6450,1.0,0.852,0.852,0.0,0.903,0.856,0.421,0.344,0.65,3.17,55.4
t,2400,none,6500,1.0,0.861,0.861,0.0,0.908,0.862,0.446,0.333,0.634,3.21,52.8
t,2400,none,6550,1.0,0.867,0.867,0.0,0.91,0.864,0.455,0.331,0.635,3.23,49.7
t,2400,none,6600,1.0,0.873,0.873,0.0,0.913,0.866,0.466,0.329,0.637,3.24,46.9
t,2400,none,6650,1.0,0.883,0.883,0.0,0.919,0.872,0.461,0.316,0.651,3.25,45.1
t,2400,none,6700,1.0,0.89,0.89,0.0,0.922,0.873,0.47,0.312,0.656,3.26,42.7
t,2400,none,6750,1.0,0.897,0.897,0.0,0.926,0.874,0.478,0.308,0.66,3.28,40.5
t,2400,none,6800,1.0,0.905,0.905,0.0,0.929,0.875,0.487,0.304,0.665,3.29,38.4
t,2400,none,6850,1.0,0.921,0.921,0.0,0.941,0.89,0.551,0.267,0.707,3.39,38.9
t,2400,none,6900,1.0,0.928,0.928,0.0,0.944,0.891,0.563,0.261,0.715,3.4,36.9
t,2400,none,6950,1.0,0.935,0.935,0.0,0.949,0.893,0.572,0.258,0.724,3.42,35.3
t,2400,none,7000,1.0,0.942,0.942,0.0,0.953,0.895,0.582,0.253,0.732,3.44,33.6
t,2400,none,7050,1.0,0.948,0.948,0.0,0.957,0.896,0.591,0.25,0.741,3.46,32.0
t,2400,none,7100,1.0,0.954,0.954,0.0,0.96,0.897,0.598,0.247,0.75,3.48,30.5
t,2400,none,7150,1.0,0.959,0.959,0.0,0.964,0.899,0.603,0.248,0.76,3.5,29.2
t,2400,none,7200,1.0,0.965,0.965,0.0,0.968,0.901,0.607,0.25,0.77,3.52,28.0
t,2400,none,7250,1.0,0.969,0.969,0.0,0.971,0.902,0.608,0.254,0.781,3.54,26.7
t,2400,none,7300,1.0,0.974,0.974,0.0,0.975,0.905,0.607,0.261,0.792,3.56,25.5
t,2400,none,7350,1.0,0.978,0.978,0.0,0.978,0.907,0.602,0.271,0.804,3.58,24.3
t,2400,none,7400,1.0,0.981,0.981,0.0,0.981,0.911,0.595,0.285,0.816,3.6,23.1
t,2400,none,7450,1.0,0.984,0.984,0.0,0.984,0.914,0.585,0.303,0.829,3.63,21.7
t,2400,none,7500,1.0,0.987,0.987,0.0,0.987,0.918,0.572,0.323,0.843,3.66,20.4
t,2900,none,800,0.0,0.0,0.0,0.0,0.068,0.05,0.013,0.023,0.0,0.15,102.8
t,2900,none,850,0.0,0.0,0.0,0.0,0.068,0.05,0.014,0.023,0.0,0.16,100.4
t,2900,none,900,0.0,0.0,0.0,0.0,0.07,0.05,0.013,0.025,0.0,0.16,102.7
t,2900,none,950,0.018,0.0,0.0,0.0,0.082,0.049,0.013,0.025,0.0,0.17,101.8
t,2900,none,1000,0.018,0.0,0.0,0.0,0.095,0.05,0.014,0.024,0.0,0.18,100.3
t,2900,none,1050,0.018,0.0,0.0,0.0,0.095,0.049,0.013,0.024,0.0,0.18,102.5
t,2900,none,1100,0.018,0.0,0.0,0.0,0.094,0.049,0.013,0.024,0.0,0.18,104.8
t,2900,none,1150,0.024,0.0,0.0,0.0,0.094,0.049,0.013,0.024,0.0,0.18,103.2
t,2900,none,1200,0.024,0.0,0.0,0.0,0.094,0.049,0.013,0.024,0.0,0.18,100.5
t,2900,none,1250,0.024,0.0,0.0,0.0,0.094,0.049,0.013,0.024,0.0,0.18,103.1
t,2900,none,1300,0.024,0.001,0.001,0.0,0.094,0.049,0.013,0.024,0.0,0.18,100.5
t,2900,none,1350,0.025,0.001,0.001,0.0,0.094,0.049,0.013,0.024,0.0,0.18,103.5
t,2900,none,1400,0.024,0.001,0.001,0.0,0.094,0.049,0.013,0.024,0.0,0.18,100.8
t,2900,none,1450,0.025,0.001,0.001,0.0,0.094,0.049,0.013,0.024,0.0,0.18,104.0
t,2900,none,1500,0.025,0.001,0.001,0.0,0.094,0.049,0.013,0.024,0.0,0.18,101.3
t,2900,none,1550,0.025,0.001,0.001,0.0,0.094,0.049,0.013,0.024,0.0,0.18,104.8
t,2900,none,1600,0.025,0.001,0.001,0.0,0.094,0.049,0.013,0.024,0.0,0.18,102.3
t,2900,none,1650,0.025,0.001,0.001,0.0,0.094,0.048,0.013,0.024,0.0,0.18,106.2
t,2900,none,1700,0.025,0.001,0.001,0.0,0.094,0.049,0.013,0.024,0.0,0.18,103.8
t,2900,none,1750,0.025,0.0,0.0,0.0,0.094,0.049,0.013,0.024,0.0,0.18,101.3
t,2900,none,1800,0.025,0.001,0.001,0.0,0.094,0.048,0.013,0.024,0.0,0.18,106.1
t,2900,none,1850,0.092,0.003,0.003,0.0,0.148,0.039,0.011,0.022,0.062,0.28,107.9
t,2900,none,1900,0.09,0.003,0.003,0.0,0.146,0.039,0.011,0.022,0.06,0.28,108.2
t,2900,none,1950,0.085,0.002,0.002,0.0,0.142,0.039,0.01,0.023,0.056,0.27,111.5
t,2900,none,2000,0.087,0.002,0.002,0.0,0.145,0.04,0.01,0.023,0.06,0.28,102.5
t,2900,none,2050,0.072,0.002,0.002,0.0,0.132,0.041,0.011,0.023,0.045,0.25,114.7
t,2900,none,2100,0.065,0.001,0.001,0.0,0.13,0.045,0.012,0.023,0.041,0.25,102.4
t,2900,none,2150,0.037,0.0,0.0,0.0,0.105,0.048,0.013,0.024,0.013,0.2,105.5
t,2900,none,2200,0.026,0.0,0.0,0.0,0.095,0.048,0.013,0.024,0.002,0.18,105.8
t,2900,none,2250,0.025,0.0,0.0,0.0,0.093,0.048,0.013,0.025,0.0,0.18,108.0
t,2900,none,2300,0.049,0.026,0.026,0.0,0.117,0.061,0.013,0.049,0.0,0.24,102.1
t,2900,none,2350,0.065,0.035,0.035,0.0,0.13,0.064,0.012,0.054,0.007,0.27,113.8
t,2900,none,2400,0.172,0.146,0.146,0.0,0.22,0.161,0.033,0.059,0.113,0.59,116.8
t,2900,none,2450,0.15,0.103,0.103,0.0,0.183,0.116,0.044,0.046,0.083,0.47,119.9
t,2900,none,2500,0.182,0.131,0.131,0.0,0.205,0.121,0.07,0.076,0.087,0.56,134.3
t,2900,none,2550,0.203,0.12,0.12,0.0,0.203,0.111,0.054,0.067,0.079,0.51,110.1
t,2900,none,2600,0.239,0.152,0.152,0.0,0.245,0.178,0.099,0.05,0.117,0.69,101.6
t,2900,none,2650,0.21,0.135,0.135,0.0,0.24,0.207,0.132,0.028,0.119,0.73,103.0
t,2900,none,2700,0.198,0.12,0.12,0.0,0.227,0.197,0.127,0.031,0.126,0.71,109.9
t,2900,none,2750,0.206,0.119,0.119,0.0,0.229,0.195,0.13,0.03,0.123,0.71,106.6
t,2900,none,2800,0.251,0.142,0.142,0.0,0.24,0.196,0.127,0.036,0.123,0.72,101.8
t,2900,none,2850,0.33,0.168,0.168,0.0,0.295,0.216,0.125,0.059,0.131,0.83,102.5
t,2900,none,2900,0.443,0.196,0.196,0.0,0.393,0.262,0.128,0.096,0.143,1.02,106.0
t,2900,none,2950,0.565,0.213,0.213,0.0,0.521,0.328,0.124,0.126,0.176,1.27,108.9
t,2900,none,3000,0.659,0.256,0.256,0.0,0.595,0.386,0.115,0.139,0.179,1.41,100.5
t,2900,none,3050,0.666,0.231,0.231,0.0,0.616,0.394,0.104,0.151,0.173,1.44,106.7
t,2900,none,3100,0.698,0.268,0.268,0.0,0.656,0.385,0.091,0.136,0.165,1.43,100.8
t,2900,none,3150,0.703,0.297,0.297,0.0,0.652,0.396,0.12,0.13,0.185,1.48,109.1
t,2900,none,3200,0.696,0.319,0.319,0.0,0.626,0.401,0.133,0.128,0.183,1.47,101.3
t,2900,none,3250,0.68,0.343,0.343,0.0,0.597,0.413,0.145,0.127,0.196,1.48,103.7
t,2900,none,3300,0.704,0.433,0.433,0.0,0.61,0.477,0.148,0.109,0.196,1.54,102.3
t,2900,none,3350,0.715,0.453,0.453,0.0,0.636,0.505,0.168,0.107,0.217,1.63,104.3
t,2900,none,3400,0.734,0.463,0.463,0.0,0.669,0.529,0.199,0.111,0.236,1.74,105.8
t,2900,none,3450,0.751,0.457,0.457,0.0,0.692,0.537,0.22,0.122,0.253,1.82,104.8
t,2900,none,3500,0.783,0.48,0.48,0.0,0.723,0.555,0.259,0.128,0.285,1.95,101.6
t,2900,none,3550,0.8,0.467,0.467,0.0,0.716,0.549,0.271,0.141,0.288,1.97,104.0
t,2900,none,3600,0.814,0.475,0.475,0.0,0.727,0.55,0.262,0.175,0.285,2.0,105.7
t,2900,none,3650,0.824,0.469,0.469,0.0,0.734,0.543,0.263,0.185,0.293,2.02,100.2
t,2900,none,3700,0.867,0.565,0.565,0.0,0.697,0.542,0.228,0.173,0.339,1.98,100.7
t,2900,none,3750,0.87,0.566,0.566,0.0,0.701,0.538,0.222,0.17,0.346,1.98,100.6
t,2900,none,3800,0.886,0.601,0.601,0.0,0.716,0.511,0.203,0.228,0.386,2.04,100.2
t,2900,none,3850,0.89,0.6,0.6,0.0,0.718,0.511,0.198,0.232,0.388,2.05,101.1
t,2900,none,3900,0.934,0.722,0.722,0.0,0.768,0.618,0.374,0.186,0.564,2.51,104.4
t,2900,none,3950,0.946,0.747,0.747,0.0,0.796,0.643,0.425,0.184,0.604,2.65,101.4
t,2900,none,4000,0.978,0.873,0.873,0.0,0.885,0.629,0.296,0.31,0.574,2.69,105.6
t,2900,none,4050,0.986,0.883,0.883,0.0,0.912,0.653,0.319,0.308,0.578,2.77,106.2
t,2900,none,4100,0.993,0.913,0.913,0.0,0.929,0.683,0.339,0.312,0.591,2.85,108.1
t,2900,none,4150,0.998,0.938,0.938,0.0,0.943,0.718,0.366,0.312,0.611,2.95,103.6
t,2900,none,4200,1.0,0.984,0.984,0.0,0.947,0.846,0.282,0.258,0.49,2.82,130.7
t,2900,none,4250,1.0,0.952,0.952,0.0,0.982,0.892,0.276,0.304,0.497,2.95,103.0
t,2900,none,4300,1.0,0.938,0.938,0.0,0.968,0.803,0.258,0.335,0.468,2.83,137.1
t,2900,none,4350,1.0,0.929,0.929,0.0,0.94,0.737,0.25,0.302,0.468,2.7,110.3
t,2900,none,4400,1.0,0.991,0.991,0.0,0.967,0.563,0.423,0.123,0.595,2.67,165.0
t,2900,none,4450,1.0,0.996,0.996,0.0,0.935,0.352,0.258,0.115,0.645,2.31,240.0
t,2900,none,4500,1.0,0.995,0.995,0.0,0.943,0.421,0.309,0.12,0.629,2.42,204.1
t,2900,none,4550,1.0,0.988,0.988,0.0,0.939,0.485,0.324,0.159,0.596,2.5,158.8
t,2900,none,4600,1.0,0.995,0.995,0.0,0.946,0.819,0.262,0.126,0.726,2.88,125.1
t,2900,none,4650,1.0,0.999,0.999,0.0,0.943,0.94,0.232,0.117,0.789,3.02,119.0
t,2900,none,4700,1.0,0.994,0.994,0.0,0.961,0.785,0.231,0.314,0.849,3.14,114.7
t,2900,none,4750,1.0,0.978,0.978,0.0,0.946,0.691,0.213,0.302,0.862,3.01,103.8
t,2900,none,4800,1.0,0.987,0.987,0.0,0.915,0.717,0.41,0.216,0.907,3.16,109.1
t,2900,none,4850,1.0,0.989,0.989,0.0,0.909,0.758,0.551,0.151,0.92,3.29,115.7
t,2900,none,4900,1.0,0.989,0.989,0.0,0.882,0.853,0.488,0.346,0.905,3.47,104.1
t,2900,none,4950,1.0,0.987,0.987,0.0,0.886,0.895,0.43,0.413,0.897,3.52,104.9
t,2900,none,5000,1.0,0.991,0.991,0.0,0.899,0.925,0.403,0.433,0.908,3.57,105.8
t,2900,none,5050,0.995,0.991,0.991,0.0,0.912,0.928,0.432,0.409,0.911,3.59,101.2
t,2900,none,5100,0.989,0.986,0.986,0.0,0.932,0.928,0.452,0.396,0.913,3.62,107.9
t,2900,none,5150,0.985,0.984,0.984,0.0,0.941,0.931,0.475,0.389,0.917,3.65,103.3
t,2900,none,5200,0.987,0.986,0.986,0.0,0.926,0.939,0.487,0.408,0.925,3.68,108.9
t,2900,none,5250,0.979,0.977,0.977,0.0,0.912,0.947,0.491,0.419,0.92,3.69,101.5
t,2900,none,5300,0.979,0.973,0.973,0.0,0.901,0.952,0.485,0.427,0.916,3.68,106.1
t,2900,none,5350,0.979,0.97,0.97,0.0,0.894,0.957,0.478,0.435,0.913,3.68,102.1
t,2900,none,5400,0.981,0.969,0.969,0.0,0.895,0.959,0.467,0.441,0.914,3.67,107.0
t,2900,none,5450,0.983,0.969,0.969,0.0,0.896,0.962,0.457,0.45,0.916,3.68,100.6
t,2900,none,5500,0.986,0.97,0.97,0.0,0.902,0.963,0.447,0.459,0.921,3.69,100.3
t,2900,none,5550,0.987,0.973,0.973,0.0,0.909,0.963,0.44,0.467,0.925,3.7,106.9
t,2900,none,5600,0.989,0.933,0.933,0.0,0.903,0.967,0.443,0.457,0.89,3.66,101.9
t,2900,none,5650,0.99,0.933,0.933,0.0,0.908,0.968,0.44,0.463,0.893,3.67,102.0
t,2900,none,5700,0.991,0.909,0.909,0.0,0.915,0.955,0.426,0.454,0.871,3.62,104.0
t,2900,none,5750,0.992,0.909,0.909,0.0,0.919,0.955,0.425,0.456,0.872,3.63,104.3
t,2900,none,5800,0.992,0.91,0.91,0.0,0.923,0.954,0.426,0.457,0.874,3.63,104.6
t,2900,none,5850,0.993,0.913,0.913,0.0,0.926,0.954,0.427,0.458,0.875,3.64,104.8
t,2900,none,5900,0.993,0.883,0.883,0.0,0.932,0.956,0.413,0.447,0.847,3.6,100.0
t,2900,none,5950,0.993,0.887,0.887,0.0,0.933,0.954,0.416,0.446,0.848,3.6,106.0
t,2900,none,6000,0.994,0.889,0.889,0.0,0.935,0.953,0.417,0.446,0.847,3.6,106.0
t,2900,none,6050,0.994,0.893,0.893,0.0,0.941,0.905,0.395,0.444,0.801,3.49,101.0
t,2900,none,6100,0.995,0.88,0.88,0.0,0.944,0.904,0.406,0.436,0.785,3.47,101.2
t,2900,none,6150,0.995,0.882,0.882,0.0,0.945,0.902,0.407,0.436,0.783,3.47,101.4
t,2900,none,6200,0.995,0.884,0.884,0.0,0.946,0.9,0.408,0.435,0.782,3.47,101.9
t,2900,none,6250,0.995,0.887,0.887,0.0,0.946,0.898,0.409,0.434,0.781,3.47,102.7
t,2900,none,6300,0.995,0.886,0.886,0.0,0.948,0.897,0.41,0.436,0.777,3.47,97.5
t,2900,none,6350,0.995,0.883,0.883,0.0,0.951,0.896,0.411,0.44,0.77,3.47,87.1
t,2900,none,6400,0.996,0.881,0.881,0.0,0.955,0.895,0.412,0.444,0.763,3.47,77.9
t,2900,none,6450,0.996,0.886,0.886,0.0,0.961,0.9,0.447,0.422,0.714,3.44,69.9
t,2900,none,6500,0.997,0.887,0.887,0.0,0.964,0.9,0.454,0.422,0.702,3.44,62.4
t,2900,none,6550,0.997,0.888,0.888,0.0,0.968,0.9,0.462,0.42,0.69,3.44,55.8
t,2900,none,6600,0.998,0.89,0.89,0.0,0.971,0.9,0.472,0.419,0.678,3.44,50.0
t,2900,none,6650,0.998,0.897,0.897,0.0,0.931,0.905,0.461,0.398,0.682,3.38,44.7
t,2900,none,6700,0.998,0.901,0.901,0.0,0.928,0.907,0.469,0.392,0.676,3.37,40.0
t,2900,none,6750,0.999,0.906,0.906,0.0,0.924,0.91,0.477,0.386,0.67,3.37,35.8
t,2900,none,6800,0.999,0.911,0.911,0.0,0.92,0.913,0.487,0.38,0.667,3.37,32.1
t,2900,none,6850,0.999,0.917,0.917,0.0,0.916,0.917,0.496,0.372,0.665,3.37,28.8
t,2900,none,6900,0.999,0.923,0.923,0.0,0.911,0.921,0.506,0.365,0.666,3.37,25.9
t,2900,none,6950,0.999,0.929,0.929,0.0,0.907,0.926,0.517,0.357,0.669,3.38,23.4
t,2900,none,7000,0.999,0.936,0.936,0.0,0.902,0.931,0.527,0.35,0.675,3.38,21.1
t,3400,none,800,0.014,0.0,0.0,0.0,0.523,0.189,0.13,0.009,0.051,0.9,30.5
t,3400,none,850,0.015,0.0,0.0,0.0,0.522,0.189,0.13,0.009,0.051,0.9,30.8
t,3400,none,1650,0.7,0.196,0.196,0.0,0.682,0.373,0.108,0.206,0.225,1.59,36.3
t,3400,none,1700,0.691,0.178,0.178,0.0,0.658,0.35,0.11,0.175,0.194,1.49,52.3
t,3400,none,1750,0.696,0.149,0.149,0.0,0.649,0.328,0.113,0.174,0.173,1.44,76.5
t,3400,none,1800,0.72,0.216,0.216,0.0,0.672,0.294,0.104,0.15,0.15,1.37,102.3
t,3400,none,1850,0.741,0.206,0.206,0.0,0.697,0.314,0.123,0.146,0.185,1.46,101.5
t,3400,none,1900,0.741,0.204,0.204,0.0,0.696,0.312,0.123,0.144,0.184,1.46,104.6
t,3400,none,1950,0.742,0.199,0.199,0.0,0.698,0.306,0.122,0.149,0.179,1.45,111.7
t,3400,none,2000,0.748,0.216,0.216,0.0,0.705,0.314,0.12,0.15,0.185,1.47,106.8
t,3400,none,2050,0.753,0.213,0.213,0.0,0.71,0.327,0.125,0.148,0.197,1.51,104.5
t,3400,none,2100,0.753,0.212,0.212,0.0,0.711,0.327,0.126,0.148,0.198,1.51,102.9
t,3400,none,2150,0.753,0.205,0.205,0.0,0.712,0.321,0.127,0.149,0.202,1.51,108.2
t,3400,none,2200,0.755,0.209,0.209,0.0,0.717,0.326,0.131,0.147,0.204,1.53,104.1
t,3400,none,2250,0.751,0.195,0.195,0.0,0.718,0.318,0.137,0.136,0.199,1.51,110.4
t,3400,none,2300,0.741,0.168,0.168,0.0,0.723,0.304,0.152,0.114,0.189,1.48,106.4
t,3400,none,2350,0.733,0.143,0.143,0.0,0.716,0.284,0.158,0.088,0.166,1.41,109.8
t,3400,none,2400,0.736,0.153,0.153,0.0,0.721,0.294,0.157,0.082,0.178,1.43,107.6
t,3400,none,2450,0.735,0.152,0.152,0.0,0.722,0.294,0.159,0.082,0.178,1.44,104.5
t,3400,none,2500,0.734,0.152,0.152,0.0,0.724,0.294,0.16,0.082,0.179,1.44,101.5
t,3400,none,2550,0.737,0.154,0.154,0.0,0.72,0.293,0.156,0.082,0.176,1.43,110.6
t,3400,none,2600,0.757,0.227,0.227,0.0,0.751,0.359,0.237,0.074,0.255,1.68,103.0
t,3400,none,2650,0.757,0.227,0.227,0.0,0.752,0.359,0.239,0.074,0.257,1.68,101.1
t,3400,none,2700,0.758,0.23,0.23,0.0,0.753,0.362,0.239,0.077,0.26,1.69,100.5
t,3400,none,2750,0.765,0.239,0.239,0.0,0.76,0.355,0.235,0.075,0.264,1.69,103.3
t,3400,none,2800,0.776,0.269,0.269,0.0,0.752,0.363,0.246,0.072,0.276,1.71,110.5
t,3400,none,2850,0.778,0.268,0.268,0.0,0.75,0.377,0.252,0.07,0.281,1.73,100.3
t,3400,none,2900,0.785,0.279,0.279,0.0,0.753,0.384,0.244,0.083,0.289,1.75,103.8
t,3400,none,2950,0.823,0.277,0.277,0.0,0.704,0.356,0.117,0.092,0.211,1.48,143.4
t,3400,none,3000,0.697,0.216,0.216,0.0,0.673,0.373,0.175,0.105,0.196,1.52,119.5
t,3400,none,3050,0.728,0.276,0.276,0.0,0.683,0.305,0.138,0.087,0.19,1.4,100.9
t,3400,none,3100,0.762,0.308,0.308,0.0,0.706,0.329,0.156,0.082,0.179,1.45,123.2
t,3400,none,3150,0.803,0.281,0.281,0.0,0.733,0.356,0.186,0.071,0.151,1.5,119.9
t,3400,none,3200,0.83,0.284,0.284,0.0,0.75,0.372,0.193,0.079,0.153,1.55,121.4
t,3400,none,3250,0.849,0.298,0.298,0.0,0.762,0.383,0.202,0.08,0.154,1.58,102.5
t,3400,none,3300,0.866,0.41,0.41,0.0,0.8,0.46,0.211,0.083,0.17,1.73,117.2
t,3400,none,3350,0.863,0.501,0.501,0.0,0.834,0.538,0.196,0.099,0.192,1.86,101.0
t,3400,none,3400,0.904,0.603,0.603,0.0,0.845,0.561,0.174,0.143,0.213,1.94,112.3
t,3400,none,3450,0.915,0.557,0.557,0.0,0.843,0.479,0.183,0.13,0.257,1.89,143.9
t,3400,none,3500,0.907,0.565,0.565,0.0,0.85,0.418,0.197,0.146,0.295,1.91,101.7
t,3400,none,3550,0.881,0.563,0.563,0.0,0.823,0.467,0.224,0.094,0.243,1.85,145.2
t,3400,none,3600,0.878,0.51,0.51,0.0,0.784,0.522,0.23,0.11,0.28,1.93,149.1
t,3400,none,3650,0.89,0.493,0.493,0.0,0.79,0.496,0.22,0.127,0.325,1.96,131.1
t,3400,none,3700,0.932,0.629,0.629,0.0,0.784,0.574,0.159,0.107,0.414,2.04,108.0
t,3400,none,3750,0.94,0.637,0.637,0.0,0.753,0.553,0.177,0.088,0.336,1.91,109.1
t,3400,none,3800,0.965,0.689,0.689,0.0,0.766,0.523,0.222,0.207,0.338,2.06,119.4
t,3400,none,3850,0.974,0.718,0.718,0.0,0.779,0.496,0.207,0.236,0.355,2.08,103.7
t,3400,none,3900,0.971,0.739,0.739,0.0,0.76,0.499,0.244,0.245,0.417,2.18,121.9
t,3400,none,3950,0.965,0.754,0.754,0.0,0.778,0.484,0.268,0.252,0.457,2.25,113.7
t,3400,none,4000,0.968,0.854,0.854,0.0,0.846,0.428,0.178,0.296,0.447,2.2,118.4
t,3400,none,4050,0.957,0.86,0.86,0.0,0.852,0.431,0.196,0.28,0.432,2.19,121.3
t,3400,none,4100,0.964,0.841,0.841,0.0,0.854,0.489,0.255,0.242,0.474,2.31,116.7
t,3400,none,4150,0.973,0.794,0.794,0.0,0.846,0.521,0.274,0.205,0.506,2.35,110.7
t,3400,none,4200,0.978,0.787,0.787,0.0,0.852,0.599,0.263,0.17,0.425,2.31,113.2
t,3400,none,4250,0.974,0.813,0.813,0.0,0.853,0.62,0.225,0.162,0.353,2.21,116.9
t,3400,none,4300,0.974,0.855,0.855,0.0,0.855,0.563,0.183,0.255,0.299,2.16,108.1
t,3400,none,4350,0.974,0.845,0.845,0.0,0.854,0.546,0.177,0.276,0.318,2.17,102.0
t,3400,none,4400,0.988,0.896,0.896,0.0,0.888,0.496,0.272,0.212,0.507,2.38,112.4
t,3400,none,4450,0.993,0.925,0.925,0.0,0.893,0.459,0.304,0.147,0.578,2.41,105.3
t,3400,none,4500,0.989,0.938,0.938,0.0,0.892,0.493,0.327,0.144,0.553,2.43,111.6
t,3400,none,4550,0.986,0.932,0.932,0.0,0.886,0.529,0.336,0.183,0.511,2.46,106.4
t,3400,none,4600,0.995,0.973,0.973,0.0,0.882,0.843,0.162,0.175,0.816,2.88,125.3
t,3400,none,4650,1.0,0.979,0.979,0.0,0.95,0.918,0.19,0.178,0.851,3.09,104.8
t,3400,none,4700,1.0,0.969,0.969,0.0,0.913,0.811,0.246,0.287,0.821,3.08,112.7
t,3400,none,4750,1.0,0.973,0.973,0.0,0.89,0.702,0.166,0.349,0.874,2.98,116.3
t,3400,none,4800,1.0,0.979,0.979,0.0,0.951,0.718,0.447,0.33,0.923,3.37,100.4
t,3400,none,4850,1.0,0.983,0.983,0.0,0.952,0.783,0.605,0.254,0.941,3.53,120.8
t,3400,none,4900,1.0,0.997,0.997,0.0,0.957,0.941,0.558,0.395,0.954,3.81,111.3
t,3400,none,4950,1.0,1.0,1.0,0.0,0.908,0.965,0.493,0.447,0.971,3.78,112.3
t,3400,none,5000,1.0,1.0,1.0,0.0,0.917,0.95,0.502,0.371,0.953,3.7,103.0
t,3400,none,5050,1.0,1.0,1.0,0.0,0.905,0.96,0.514,0.391,0.956,3.74,119.0
t,3400,none,5100,1.0,1.0,1.0,0.0,0.941,0.959,0.525,0.406,0.938,3.77,103.9
t,3400,none,5150,1.0,1.0,1.0,0.0,0.945,0.961,0.506,0.449,0.951,3.81,122.5
t,3400,none,5200,1.0,1.0,1.0,0.0,0.94,0.966,0.474,0.494,0.959,3.83,109.9
t,3400,none,5250,0.997,0.995,0.995,0.0,0.944,0.965,0.439,0.508,0.963,3.82,111.5
t,3400,none,5300,0.984,0.977,0.977,0.0,0.946,0.952,0.422,0.488,0.95,3.76,109.4
t,3400,none,5350,0.977,0.965,0.965,0.0,0.955,0.944,0.42,0.475,0.937,3.73,115.9
t,3400,none,5400,0.982,0.937,0.937,0.0,0.942,0.92,0.414,0.464,0.914,3.65,110.4
t,3400,none,5450,0.993,0.937,0.937,0.0,0.949,0.93,0.424,0.47,0.92,3.69,108.9
t,3400,none,5500,0.999,0.952,0.952,0.0,0.962,0.954,0.452,0.462,0.937,3.77,100.8
t,3400,none,5550,1.0,0.97,0.97,0.0,0.966,0.97,0.495,0.431,0.96,3.82,102.9
t,3400,none,5600,1.0,0.964,0.964,0.0,0.952,0.97,0.505,0.417,0.969,3.81,108.8
t,3400,none,5650,0.999,0.964,0.964,0.0,0.944,0.967,0.49,0.439,0.975,3.81,104.6
t,3400,none,5700,0.997,0.867,0.867,0.0,0.943,0.91,0.439,0.424,0.889,3.62,100.5
t,3400,none,5750,0.992,0.849,0.849,0.0,0.937,0.882,0.419,0.431,0.849,3.53,103.6
t,3400,none,5800,0.987,0.85,0.85,0.0,0.928,0.884,0.415,0.452,0.836,3.53,100.4
t,3400,none,5850,0.987,0.873,0.873,0.0,0.925,0.901,0.42,0.477,0.845,3.58,106.9
t,3400,none,5900,0.988,0.81,0.81,0.0,0.92,0.922,0.406,0.464,0.797,3.52,102.1
t,3400,none,5950,0.99,0.819,0.819,0.0,0.886,0.939,0.419,0.465,0.766,3.48,101.8
t,3400,none,6000,0.992,0.831,0.831,0.0,0.888,0.946,0.424,0.47,0.774,3.51,105.0
t,3400,none,6050,0.995,0.863,0.863,0.0,0.88,0.905,0.397,0.416,0.691,3.29,106.4
t,3400,none,6100,0.997,0.792,0.792,0.0,0.895,0.905,0.445,0.383,0.622,3.25,106.1
t,3400,none,6150,0.998,0.795,0.795,0.0,0.904,0.906,0.444,0.383,0.629,3.27,103.3
t,3400,none,6200,0.998,0.79,0.79,0.0,0.913,0.911,0.434,0.401,0.639,3.3,100.4
t,3400,none,6250,0.999,0.826,0.826,0.0,0.917,0.928,0.431,0.362,0.576,3.21,105.1
t,3400,none,6300,0.999,0.808,0.808,0.0,0.923,0.938,0.42,0.358,0.605,3.24,100.8
t,3400,none,6350,0.999,0.814,0.814,0.0,0.921,0.942,0.411,0.376,0.628,3.28,104.0
t,3400,none,6400,0.999,0.821,0.821,0.0,0.921,0.946,0.402,0.391,0.645,3.3,102.5
t,3400,none,6450,0.999,0.853,0.853,0.0,0.933,0.945,0.454,0.346,0.579,3.26,102.0
t,3400,none,6500,0.999,0.849,0.849,0.0,0.935,0.948,0.463,0.346,0.587,3.28,101.9
t,3400,none,6550,0.999,0.854,0.854,0.0,0.935,0.95,0.466,0.35,0.591,3.29,100.8
t,3400,none,6600,0.999,0.858,0.858,0.0,0.936,0.951,0.469,0.353,0.596,3.31,100.0
t,3400,none,6650,0.999,0.88,0.88,0.0,0.945,0.959,0.462,0.313,0.647,3.33,100.5
t,3400,none,6700,0.999,0.881,0.881,0.0,0.945,0.959,0.465,0.312,0.655,3.34,103.9
t,3400,none,6750,0.999,0.886,0.886,0.0,0.947,0.961,0.461,0.32,0.667,3.36,103.7
t,3400,none,6800,0.999,0.889,0.889,0.0,0.947,0.961,0.464,0.319,0.674,3.37,102.9
t,3400,none,6850,1.0,0.926,0.926,0.0,0.952,0.976,0.596,0.238,0.763,3.52,100.0
t,3400,none,6900,1.0,0.926,0.926,0.0,0.951,0.975,0.607,0.233,0.771,3.54,103.1
t,3400,none,6950,1.0,0.929,0.929,0.0,0.952,0.976,0.613,0.234,0.783,3.56,103.1
t,3400,none,7000,1.0,0.932,0.932,0.0,0.952,0.977,0.624,0.229,0.792,3.57,102.1
t,3400,none,7050,1.0,0.934,0.934,0.0,0.952,0.977,0.633,0.225,0.799,3.59,101.1
t,3400,none,7100,0.999,0.935,0.935,0.0,0.952,0.977,0.64,0.222,0.805,3.6,100.3
t,3400,none,7150,0.999,0.934,0.934,0.0,0.952,0.976,0.641,0.223,0.806,3.6,103.7
t,3400,none,7200,1.0,0.94,0.94,0.0,0.953,0.979,0.658,0.213,0.819,3.62,95.0
t,3400,none,7250,1.0,0.945,0.945,0.0,0.955,0.981,0.675,0.203,0.832,3.65,87.0
t,3400,none,7300,1.0,0.951,0.951,0.0,0.956,0.983,0.692,0.193,0.846,3.67,79.7
t,3400,none,7350,1.0,0.956,0.956,0.0,0.957,0.985,0.709,0.184,0.859,3.69,72.9
t,3400,none,7400,1.0,0.961,0.961,0.0,0.959,0.987,0.726,0.175,0.871,3.72,66.8
t,3400,none,7450,1.0,0.966,0.966,0.0,0.96,0.989,0.742,0.166,0.884,3.74,61.1
t,3400,none,7500,1.0,0.97,0.97,0.0,0.961,0.99,0.758,0.157,0.895,3.76,55.9
t,3400,none,7550,1.0,0.974,0.974,0.0,0.963,0.992,0.773,0.148,0.906,3.78,51.1
t,3400,none,7600,1.0,0.977,0.977,0.0,0.964,0.993,0.788,0.14,0.916,3.8,46.6
ct,1400,none,2250,0.85,0.727,0.727,0.133,0.509,0.418,0.033,0.252,0.307,1.52,20.1
ct,1400,none,2300,0.874,0.769,0.769,0.113,0.579,0.5,0.028,0.36,0.369,1.84,24.5
ct,1400,none,2350,0.876,0.771,0.771,0.111,0.578,0.497,0.028,0.36,0.367,1.83,25.0
ct,1400,none,2400,0.881,0.778,0.778,0.107,0.573,0.485,0.028,0.353,0.358,1.8,26.5
ct,1400,none,2450,0.884,0.781,0.781,0.106,0.572,0.482,0.028,0.353,0.356,1.79,27.2
ct,1400,none,2500,0.889,0.79,0.79,0.128,0.583,0.493,0.028,0.37,0.371,1.84,29.1
ct,1400,none,2550,0.907,0.823,0.823,0.111,0.642,0.446,0.024,0.341,0.34,1.79,34.4
ct,1400,none,2600,0.911,0.83,0.83,0.131,0.649,0.433,0.023,0.357,0.331,1.79,36.4
ct,1400,none,2650,0.913,0.832,0.832,0.131,0.649,0.431,0.023,0.357,0.33,1.79,37.4
ct,1400,none,2700,0.922,0.834,0.834,0.166,0.677,0.441,0.021,0.409,0.369,1.92,42.8
ct,1400,none,2750,0.928,0.845,0.845,0.157,0.693,0.468,0.02,0.388,0.348,1.92,46.8
ct,1400,none,2800,0.931,0.851,0.851,0.153,0.699,0.477,0.041,0.38,0.361,1.96,49.3
ct,1400,none,2850,0.937,0.862,0.862,0.144,0.715,0.448,0.039,0.407,0.339,1.95,54.8
ct,1400,none,2900,0.94,0.867,0.867,0.14,0.722,0.459,0.038,0.421,0.353,1.99,57.9
ct,1400,none,2950,0.943,0.873,0.873,0.137,0.713,0.447,0.037,0.412,0.343,1.95,61.6
ct,1400,none,3000,0.947,0.877,0.877,0.13,0.708,0.424,0.035,0.437,0.33,1.93,66.6
ct,1400,none,3050,0.954,0.892,0.892,0.135,0.74,0.462,0.051,0.456,0.334,2.04,74.9
ct,1400,none,3100,0.946,0.886,0.886,0.13,0.745,0.471,0.056,0.449,0.332,2.05,79.5
ct,1400,none,3150,0.947,0.887,0.887,0.129,0.744,0.467,0.055,0.448,0.33,2.04,81.6
ct,1400,none,3200,0.95,0.87,0.87,0.123,0.753,0.464,0.053,0.466,0.334,2.07,86.1
ct,1400,none,3250,0.957,0.887,0.887,0.108,0.77,0.466,0.046,0.423,0.354,2.06,99.1
ct,1400,none,3300,0.959,0.892,0.892,0.158,0.783,0.5,0.044,0.447,0.391,2.17,101.0
ct,1400,none,3350,0.97,0.925,0.925,0.125,0.862,0.399,0.028,0.657,0.631,2.58,101.6
ct,1400,none,3400,0.971,0.909,0.909,0.119,0.872,0.42,0.034,0.65,0.64,2.62,100.5
ct,1400,none,3450,0.977,0.935,0.935,0.123,0.893,0.561,0.086,0.555,0.591,2.69,102.7
ct,1400,none,3500,0.978,0.933,0.933,0.117,0.9,0.55,0.077,0.584,0.601,2.71,105.4
ct,1400,none,3550,0.987,0.902,0.902,0.097,0.888,0.558,0.049,0.588,0.593,2.68,127.4
ct,1400,none,3600,1.0,0.901,0.901,0.097,0.907,0.449,0.044,0.583,0.44,2.42,149.4
ct,1400,none,3650,1.0,0.912,0.912,0.067,0.88,0.346,0.039,0.451,0.292,2.01,186.2
ct,1400,none,3700,0.996,0.893,0.893,0.099,0.884,0.418,0.054,0.508,0.347,2.21,169.9
ct,1400,none,3750,0.987,0.843,0.843,0.132,0.898,0.696,0.06,0.673,0.604,2.93,119.5
ct,1400,none,3800,0.995,0.841,0.841,0.111,0.857,0.717,0.051,0.654,0.63,2.91,121.1
ct,1400,none,3850,1.0,0.748,0.748,0.1,0.901,0.615,0.085,0.567,0.59,2.76,111.9
ct,1400,none,3900,1.0,0.935,0.935,0.078,0.737,0.508,0.077,0.481,0.487,2.29,114.6
ct,1400,none,3950,0.994,0.951,0.951,0.066,0.711,0.44,0.065,0.457,0.342,2.02,178.6
ct,1400,none,4000,0.996,0.868,0.868,0.102,0.737,0.461,0.051,0.481,0.368,2.1,157.8
ct,1400,none,4050,0.999,0.781,0.781,0.136,0.815,0.513,0.061,0.533,0.534,2.45,150.6
ct,1400,none,4100,1.0,0.81,0.81,0.184,0.82,0.657,0.07,0.542,0.577,2.67,108.5
ct,1400,none,4150,1.0,0.812,0.812,0.21,0.855,0.651,0.081,0.628,0.607,2.82,119.0
ct,1400,none,4200,1.0,0.926,0.926,0.095,0.954,0.425,0.111,0.329,0.347,2.18,103.9
ct,1400,none,4250,1.0,0.969,0.969,0.031,0.925,0.414,0.06,0.3,0.374,2.08,112.7
ct,1400,none,4300,1.0,0.905,0.905,0.035,0.932,0.456,0.048,0.368,0.354,2.17,113.2
ct,1400,none,4350,1.0,0.831,0.831,0.07,0.947,0.535,0.047,0.429,0.472,2.43,125.8
ct,1400,none,4400,1.0,0.836,0.836,0.093,0.934,0.68,0.077,0.455,0.544,2.69,100.6
ct,1400,none,4450,1.0,0.864,0.864,0.109,0.939,0.681,0.073,0.514,0.565,2.77,108.7
ct,1400,none,4500,1.0,0.942,0.942,0.075,0.969,0.446,0.048,0.736,0.405,2.6,111.0
ct,1400,none,4550,1.0,0.923,0.923,0.064,0.954,0.45,0.084,0.731,0.353,2.57,106.6
ct,1400,none,4600,1.0,0.911,0.911,0.069,0.936,0.491,0.138,0.686,0.346,2.6,109.7
ct,1400,none,4650,1.0,0.805,0.805,0.1,0.929,0.532,0.158,0.7,0.436,2.75,103.1
ct,1400,none,4700,1.0,0.822,0.822,0.094,0.951,0.519,0.105,0.646,0.646,2.87,113.2
ct,1400,none,4750,1.0,0.828,0.828,0.11,0.962,0.562,0.089,0.633,0.732,2.98,106.1
ct,1400,none,4800,1.0,0.838,0.838,0.108,0.966,0.577,0.085,0.622,0.749,3.0,102.7
ct,1400,none,4850,1.0,0.725,0.725,0.091,0.973,0.643,0.071,0.66,0.804,3.15,106.6
ct,1400,none,4900,1.0,0.756,0.756,0.078,0.985,0.756,0.092,0.583,0.862,3.28,107.1
ct,1400,none,4950,1.0,0.752,0.752,0.104,0.989,0.787,0.094,0.592,0.874,3.34,105.2
ct,1400,none,5000,1.0,0.831,0.831,0.079,0.973,0.721,0.067,0.731,0.931,3.42,107.7
ct,1400,none,5050,0.991,0.807,0.807,0.076,0.973,0.687,0.069,0.759,0.918,3.41,106.8
ct,1400,none,5100,0.988,0.804,0.804,0.074,0.969,0.68,0.069,0.779,0.905,3.4,101.1
ct,1400,none,5150,0.987,0.796,0.796,0.097,0.968,0.692,0.07,0.773,0.892,3.39,104.0
ct,1400,none,5200,0.988,0.874,0.874,0.056,0.969,0.815,0.037,0.888,0.921,3.63,100.6
ct,1400,none,5250,0.97,0.823,0.823,0.091,0.972,0.889,0.032,0.882,0.9,3.67,104.4
ct,1400,none,5300,0.971,0.832,0.832,0.102,0.977,0.928,0.027,0.881,0.896,3.71,101.8
ct,1400,none,5350,0.976,0.849,0.849,0.102,0.984,0.934,0.024,0.895,0.907,3.74,107.5
ct,1400,none,5400,0.985,0.87,0.87,0.136,0.966,0.905,0.041,0.904,0.918,3.73,104.6
ct,1400,none,5450,0.991,0.87,0.87,0.155,0.955,0.889,0.058,0.896,0.929,3.73,107.3
ct,1400,none,5500,0.995,0.863,0.863,0.16,0.948,0.89,0.066,0.896,0.939,3.74,109.2
ct,1400,none,5550,0.998,0.852,0.852,0.16,0.944,0.899,0.071,0.901,0.949,3.76,102.3
ct,1400,none,5600,1.0,0.876,0.876,0.369,0.955,0.942,0.054,0.934,0.972,3.86,101.4
ct,1400,none,5650,1.0,0.88,0.88,0.423,0.966,0.967,0.042,0.958,0.979,3.91,100.2
ct,1400,none,5700,1.0,0.861,0.861,0.447,0.978,0.979,0.032,0.964,0.964,3.92,100.2
ct,1400,none,5750,1.0,0.866,0.866,0.464,0.982,0.981,0.027,0.97,0.959,3.92,107.6
ct,1400,none,5800,1.0,0.878,0.878,0.515,0.987,0.983,0.033,0.965,0.959,3.93,102.1
ct,1400,none,5850,1.0,0.876,0.876,0.529,0.983,0.982,0.036,0.959,0.965,3.92,109.8
ct,1400,none,5900,1.0,0.86,0.86,0.544,0.979,0.978,0.038,0.943,0.975,3.91,113.2
ct,1400,none,5950,1.0,0.858,0.858,0.555,0.978,0.971,0.041,0.94,0.984,3.91,111.9
ct,1400,none,6000,1.0,0.855,0.855,0.556,0.979,0.964,0.044,0.94,0.991,3.92,106.5
ct,1400,none,6050,1.0,0.879,0.879,0.539,0.983,0.957,0.047,0.939,0.994,3.92,101.5
ct,1400,none,6100,1.0,0.915,0.915,0.559,0.984,0.955,0.046,0.937,0.989,3.91,106.0
ct,1400,none,6150,1.0,0.939,0.939,0.584,0.985,0.958,0.043,0.94,0.986,3.91,102.3
ct,1400,none,6200,1.0,0.937,0.937,0.602,0.989,0.965,0.037,0.945,0.989,3.93,111.5
ct,1400,none,6250,1.0,0.931,0.931,0.601,0.994,0.971,0.043,0.937,0.991,3.94,107.7
ct,1400,none,6300,1.0,0.923,0.923,0.6,0.998,0.975,0.044,0.934,0.989,3.94,102.7
ct,1400,none,6350,1.0,0.919,0.919,0.577,0.999,0.972,0.043,0.93,0.981,3.92,105.7
ct,1400,none,6400,1.0,0.908,0.908,0.556,0.998,0.971,0.043,0.928,0.975,3.91,111.7
ct,1400,none,6450,1.0,0.913,0.913,0.549,0.995,0.972,0.042,0.929,0.974,3.91,107.2
ct,1400,none,6500,1.0,0.923,0.923,0.547,0.991,0.978,0.04,0.936,0.978,3.92,110.4
ct,1400,none,6550,1.0,0.934,0.934,0.527,0.978,0.985,0.043,0.949,0.958,3.91,105.6
ct,1400,none,6600,1.0,0.942,0.942,0.532,0.972,0.99,0.04,0.961,0.956,3.92,108.9
ct,1400,none,6650,1.0,0.949,0.949,0.539,0.967,0.994,0.038,0.973,0.954,3.93,105.0
ct,1400,none,6700,1.0,0.934,0.934,0.537,0.955,0.995,0.036,0.981,0.945,3.91,105.4
ct,1400,none,6750,1.0,0.935,0.935,0.53,0.953,0.992,0.049,0.956,0.945,3.9,106.2
ct,1400,none,6800,1.0,0.936,0.936,0.54,0.953,0.987,0.05,0.954,0.949,3.89,104.1
ct,1400,none,6850,1.0,0.938,0.938,0.536,0.957,0.967,0.049,0.953,0.958,3.88,101.6
ct,1400,none,6900,1.0,0.936,0.936,0.548,0.964,0.963,0.051,0.952,0.965,3.89,103.5
ct,1400,none,6950,1.0,0.933,0.933,0.552,0.972,0.964,0.064,0.939,0.97,3.91,106.1
ct,1400,none,7000,1.0,0.93,0.93,0.564,0.979,0.966,0.065,0.938,0.975,3.92,101.4
ct,1400,none,7050,1.0,0.928,0.928,0.574,0.985,0.969,0.062,0.942,0.98,3.94,105.4
ct,1400,none,7100,1.0,0.928,0.928,0.586,0.99,0.973,0.057,0.947,0.984,3.95,102.1
ct,1400,none,7150,1.0,0.932,0.932,0.601,0.993,0.975,0.061,0.942,0.987,3.96,107.0
ct,1400,none,7200,1.0,0.935,0.935,0.611,0.996,0.978,0.053,0.948,0.989,3.96,103.1
ct,1400,none,7250,1.0,0.938,0.938,0.614,0.997,0.979,0.043,0.955,0.989,3.96,107.3
ct,1400,none,7300,1.0,0.94,0.94,0.617,0.997,0.98,0.033,0.961,0.987,3.96,104.5
ct,1400,none,7350,1.0,0.941,0.941,0.617,0.996,0.981,0.024,0.965,0.984,3.95,102.9
ct,1400,none,7400,1.0,0.94,0.94,0.616,0.995,0.981,0.018,0.966,0.98,3.94,102.5
ct,1400,none,7450,1.0,0.939,0.939,0.617,0.993,0.981,0.014,0.966,0.977,3.93,103.3
ct,1400,none,7500,1.0,0.936,0.936,0.619,0.99,0.98,0.013,0.963,0.974,3.92,104.3
ct,1400,none,7550,0.999,0.932,0.932,0.622,0.987,0.978,0.014,0.961,0.974,3.91,105.5
ct,1400,none,7600,0.999,0.929,0.929,0.626,0.984,0.975,0.016,0.958,0.974,3.91,100.7
ct,1900,none,800,0.755,0.0,0.0,0.029,0.14,0.199,0.03,0.061,0.012,0.45,1578.0
ct,1900,none,850,0.755,0.0,0.0,0.029,0.14,0.199,0.03,0.061,0.012,0.45,1578.0
ct,1900,none,900,0.755,0.0,0.0,0.029,0.14,0.199,0.03,0.061,0.012,0.45,1578.0
ct,1900,none,950,0.755,0.0,0.0,0.029,0.14,0.199,0.03,0.061,0.012,0.45,1578.0
ct,1900,none,1000,0.755,0.0,0.0,0.029,0.14,0.199,0.03,0.061,0.012,0.45,1578.0
ct,1900,none,1050,0.755,0.0,0.0,0.029,0.14,0.199,0.03,0.061,0.012,0.45,1578.0
ct,1900,none,1100,0.754,0.0,0.0,0.028,0.14,0.199,0.03,0.061,0.012,0.45,1579.0
ct,1900,none,1150,0.706,0.0,0.0,0.027,0.131,0.186,0.028,0.058,0.011,0.42,212.8
ct,1900,none,1200,0.686,0.0,0.0,0.026,0.13,0.181,0.028,0.056,0.011,0.41,137.7
ct,1900,none,1250,0.686,0.0,0.0,0.026,0.14,0.178,0.027,0.055,0.011,0.41,249.0
ct,1900,none,1300,0.635,0.0,0.0,0.023,0.168,0.164,0.025,0.073,0.01,0.44,178.6
ct,1900,none,1350,0.687,0.0,0.0,0.02,0.175,0.175,0.021,0.065,0.008,0.45,167.8
ct,1900,none,1400,0.65,0.0,0.0,0.018,0.196,0.185,0.041,0.067,0.008,0.5,151.9
ct,1900,none,1450,0.783,0.0,0.0,0.008,0.518,0.206,0.034,0.092,0.04,0.89,116.0
ct,1900,none,1500,0.789,0.074,0.074,0.006,0.516,0.203,0.032,0.085,0.039,0.87,108.1
ct,1900,none,1550,0.783,0.072,0.072,0.004,0.521,0.214,0.03,0.102,0.037,0.91,106.5
ct,1900,none,1600,0.779,0.123,0.123,0.002,0.549,0.201,0.028,0.121,0.048,0.95,100.2
ct,1900,none,1650,0.841,0.107,0.107,0.0,0.661,0.297,0.032,0.133,0.04,1.16,101.4
ct,1900,none,1700,0.815,0.121,0.121,0.0,0.624,0.291,0.029,0.123,0.035,1.1,101.4
ct,1900,none,1750,0.823,0.103,0.103,0.0,0.658,0.262,0.022,0.238,0.024,1.2,102.4
ct,1900,none,1800,0.827,0.224,0.224,0.0,0.695,0.233,0.014,0.24,0.028,1.21,100.5
ct,1900,none,1850,0.801,0.235,0.235,0.0,0.703,0.256,0.039,0.214,0.035,1.25,101.3
ct,1900,none,1900,0.763,0.248,0.248,0.0,0.676,0.221,0.041,0.203,0.029,1.17,105.7
ct,1900,none,1950,0.744,0.225,0.225,0.0,0.69,0.207,0.054,0.221,0.069,1.24,100.2
ct,1900,none,2000,0.683,0.24,0.24,0.0,0.657,0.189,0.054,0.196,0.068,1.16,100.5
ct,1900,none,2050,0.617,0.214,0.214,0.0,0.611,0.187,0.06,0.176,0.062,1.1,105.5
ct,1900,none,2100,0.596,0.253,0.253,0.0,0.576,0.193,0.057,0.22,0.051,1.1,100.7
ct,1900,none,2150,0.594,0.216,0.216,0.001,0.584,0.25,0.064,0.231,0.091,1.22,105.4
ct,1900,none,2200,0.629,0.211,0.211,0.001,0.621,0.286,0.105,0.19,0.087,1.29,103.9
ct,1900,none,2250,0.654,0.229,0.229,0.003,0.602,0.282,0.113,0.18,0.091,1.27,102.8
ct,1900,none,2300,0.666,0.245,0.245,0.005,0.607,0.279,0.116,0.192,0.084,1.28,103.7
ct,1900,none,2350,0.67,0.234,0.234,0.008,0.597,0.274,0.112,0.177,0.086,1.25,105.3
ct,1900,none,2400,0.681,0.214,0.214,0.011,0.596,0.302,0.103,0.169,0.074,1.24,101.4
ct,1900,none,2450,0.664,0.228,0.228,0.013,0.562,0.314,0.095,0.158,0.068,1.2,100.0
ct,1900,none,2500,0.67,0.235,0.235,0.013,0.589,0.309,0.08,0.214,0.083,1.28,104.5
ct,1900,none,2550,0.701,0.289,0.289,0.039,0.62,0.305,0.086,0.201,0.097,1.31,100.6
ct,1900,none,2600,0.692,0.288,0.288,0.037,0.623,0.309,0.094,0.195,0.095,1.32,104.5
ct,1900,none,2650,0.677,0.279,0.279,0.035,0.622,0.295,0.09,0.205,0.097,1.31,103.2
ct,1900,none,2700,0.707,0.257,0.257,0.04,0.661,0.336,0.074,0.275,0.108,1.45,102.2
ct,1900,none,2750,0.706,0.272,0.272,0.038,0.668,0.356,0.065,0.273,0.105,1.47,104.7
ct,1900,none,2800,0.692,0.26,0.26,0.038,0.66,0.351,0.059,0.282,0.105,1.46,100.0
ct,1900,none,2850,0.696,0.291,0.291,0.036,0.667,0.319,0.049,0.319,0.097,1.45,100.6
ct,1900,none,2900,0.758,0.217,0.217,0.027,0.739,0.323,0.041,0.292,0.142,1.54,101.7
ct,1900,none,2950,0.752,0.198,0.198,0.04,0.713,0.312,0.052,0.282,0.146,1.5,103.8
ct,1900,none,3000,0.762,0.173,0.173,0.037,0.716,0.287,0.053,0.323,0.207,1.58,100.6
ct,1900,none,3050,0.776,0.229,0.229,0.033,0.709,0.304,0.048,0.325,0.251,1.64,101.5
ct,1900,none,3100,0.781,0.212,0.212,0.043,0.706,0.355,0.065,0.302,0.242,1.67,100.9
ct,1900,none,3150,0.767,0.218,0.218,0.042,0.671,0.346,0.066,0.288,0.247,1.62,100.2
ct,1900,none,3200,0.79,0.178,0.178,0.035,0.689,0.372,0.056,0.388,0.277,1.78,104.1
ct,1900,none,3250,0.767,0.179,0.179,0.031,0.682,0.378,0.066,0.397,0.292,1.81,103.0
ct,1900,none,3300,0.752,0.164,0.164,0.028,0.669,0.378,0.078,0.379,0.3,1.8,103.0
ct,1900,none,3350,0.743,0.181,0.181,0.024,0.663,0.358,0.074,0.386,0.319,1.8,103.2
ct,1900,none,3400,0.763,0.154,0.154,0.017,0.695,0.374,0.062,0.392,0.341,1.86,105.1
ct,1900,none,3450,0.753,0.149,0.149,0.014,0.69,0.374,0.058,0.386,0.338,1.84,100.9
ct,1900,none,3500,0.738,0.147,0.147,0.013,0.684,0.375,0.054,0.376,0.33,1.82,102.4
ct,1900,none,3550,0.779,0.168,0.168,0.008,0.612,0.338,0.038,0.345,0.289,1.62,104.5
ct,1900,none,3600,0.775,0.165,0.165,0.02,0.61,0.351,0.032,0.336,0.296,1.63,102.2
ct,1900,none,3650,0.769,0.173,0.173,0.026,0.61,0.36,0.042,0.321,0.3,1.63,104.1
ct,1900,none,3700,0.767,0.167,0.167,0.031,0.612,0.363,0.039,0.326,0.313,1.65,102.3
ct,1900,none,3750,0.789,0.192,0.192,0.033,0.575,0.421,0.031,0.312,0.293,1.63,102.8
ct,1900,none,3800,0.792,0.182,0.182,0.064,0.581,0.442,0.041,0.314,0.317,1.69,102.0
ct,1900,none,3850,0.871,0.116,0.116,0.059,0.738,0.377,0.025,0.251,0.227,1.62,100.7
ct,1900,none,3900,0.872,0.102,0.102,0.057,0.741,0.361,0.021,0.248,0.223,1.59,103.1
ct,1900,none,3950,0.875,0.126,0.126,0.09,0.747,0.368,0.017,0.254,0.243,1.63,102.0
ct,1900,none,4000,0.867,0.123,0.123,0.088,0.73,0.355,0.016,0.248,0.237,1.59,102.2
ct,1900,none,4050,0.913,0.071,0.071,0.065,0.811,0.528,0.05,0.2,0.224,1.81,102.9
ct,1900,none,4100,0.905,0.079,0.079,0.057,0.783,0.543,0.052,0.191,0.214,1.78,100.1
ct,1900,none,4150,0.919,0.052,0.052,0.032,0.811,0.513,0.07,0.318,0.176,1.89,100.7
ct,1900,none,4200,0.916,0.097,0.097,0.037,0.803,0.487,0.08,0.333,0.166,1.87,100.3
ct,1900,none,4250,0.916,0.134,0.134,0.03,0.767,0.492,0.112,0.366,0.186,1.92,100.1
ct,1900,none,4300,0.909,0.147,0.147,0.03,0.758,0.475,0.108,0.367,0.188,1.9,103.0
ct,1900,none,4350,0.934,0.12,0.12,0.012,0.812,0.415,0.086,0.435,0.357,2.11,102.7
ct,1900,none,4400,0.934,0.143,0.143,0.011,0.821,0.419,0.076,0.418,0.374,2.11,102.6
ct,1900,none,4450,0.932,0.143,0.143,0.01,0.82,0.412,0.071,0.41,0.386,2.1,100.4
ct,1900,none,4500,0.933,0.192,0.192,0.009,0.827,0.394,0.064,0.434,0.379,2.1,103.7
ct,1900,none,4550,0.953,0.154,0.154,0.003,0.871,0.544,0.058,0.361,0.556,2.39,102.4
ct,1900,none,4600,0.951,0.154,0.154,0.003,0.869,0.553,0.059,0.349,0.557,2.39,101.1
ct,1900,none,4650,0.964,0.121,0.121,0.001,0.905,0.503,0.043,0.465,0.66,2.58,101.8
ct,1900,none,4700,0.966,0.186,0.186,0.001,0.91,0.512,0.038,0.478,0.645,2.58,103.2
ct,1900,none,4750,0.901,0.179,0.179,0.0,0.841,0.481,0.053,0.441,0.601,2.42,101.7
ct,1900,none,4800,0.891,0.179,0.179,0.0,0.822,0.467,0.055,0.43,0.59,2.36,100.9
ct,1900,none,4850,0.91,0.118,0.118,0.0,0.847,0.65,0.037,0.605,0.702,2.84,103.0
ct,1900,none,4900,0.914,0.122,0.122,0.0,0.838,0.685,0.034,0.614,0.723,2.89,102.1
ct,1900,none,4950,0.919,0.113,0.113,0.0,0.832,0.701,0.031,0.63,0.732,2.93,102.7
ct,1900,none,5000,0.931,0.188,0.188,0.0,0.841,0.679,0.037,0.673,0.768,3.0,100.9
ct,1900,none,5050,0.917,0.172,0.172,0.044,0.841,0.651,0.052,0.702,0.759,3.0,101.6
ct,1900,none,5100,0.917,0.172,0.172,0.05,0.839,0.644,0.055,0.709,0.752,3.0,100.5
ct,1900,none,5150,0.917,0.172,0.172,0.056,0.84,0.639,0.055,0.706,0.745,2.99,104.3
ct,1900,none,5200,0.941,0.415,0.415,0.053,0.881,0.739,0.045,0.817,0.804,3.29,102.4
ct,1900,none,5250,0.943,0.405,0.405,0.187,0.908,0.797,0.036,0.842,0.813,3.4,104.2
ct,1900,none,5300,0.947,0.436,0.436,0.205,0.917,0.82,0.032,0.855,0.82,3.44,102.8
ct,1900,none,5350,0.952,0.457,0.457,0.221,0.926,0.84,0.028,0.866,0.828,3.49,101.9
ct,1900,none,5400,0.964,0.487,0.487,0.253,0.899,0.804,0.02,0.837,0.812,3.37,103.3
ct,1900,none,5450,0.969,0.49,0.49,0.27,0.903,0.811,0.016,0.843,0.82,3.39,102.6
ct,1900,none,5500,0.974,0.487,0.487,0.282,0.909,0.817,0.014,0.85,0.829,3.42,101.5
ct,1900,none,5550,0.978,0.482,0.482,0.291,0.916,0.825,0.012,0.858,0.839,3.45,100.4
ct,1900,none,5600,0.988,0.525,0.525,0.392,0.886,0.871,0.02,0.829,0.829,3.44,103.4
ct,1900,none,5650,0.991,0.527,0.527,0.422,0.898,0.886,0.02,0.843,0.846,3.49,105.7
ct,1900,none,5700,0.994,0.523,0.523,0.435,0.913,0.89,0.02,0.832,0.839,3.49,103.8
ct,1900,none,5750,0.996,0.536,0.536,0.456,0.927,0.904,0.02,0.846,0.856,3.55,100.9
ct,1900,none,5800,0.998,0.579,0.579,0.504,0.945,0.923,0.019,0.857,0.882,3.63,102.6
ct,1900,none,5850,0.999,0.606,0.606,0.524,0.958,0.937,0.019,0.872,0.902,3.69,100.3
ct,1900,none,5900,0.999,0.626,0.626,0.529,0.969,0.949,0.019,0.874,0.907,3.72,103.9
ct,1900,none,5950,1.0,0.653,0.653,0.541,0.978,0.96,0.019,0.888,0.923,3.77,101.7
ct,1900,none,6000,1.0,0.678,0.678,0.55,0.985,0.968,0.018,0.902,0.937,3.81,100.1
ct,1900,none,6050,1.0,0.703,0.703,0.549,0.991,0.964,0.017,0.916,0.948,3.84,100.4
ct,1900,none,6100,1.0,0.705,0.705,0.546,0.994,0.968,0.043,0.905,0.931,3.84,104.0
ct,1900,none,6150,1.0,0.721,0.721,0.549,0.996,0.97,0.042,0.918,0.938,3.86,100.1
ct,1900,none,6200,1.0,0.681,0.681,0.513,0.985,0.959,0.072,0.901,0.904,3.82,101.9
ct,1900,none,6250,1.0,0.679,0.679,0.516,0.984,0.96,0.071,0.911,0.903,3.83,101.1
ct,1900,none,6300,1.0,0.697,0.697,0.552,0.983,0.964,0.076,0.915,0.907,3.84,101.6
ct,1900,none,6350,1.0,0.697,0.697,0.56,0.982,0.955,0.073,0.912,0.897,3.82,100.1
ct,1900,none,6400,1.0,0.673,0.673,0.559,0.981,0.96,0.097,0.896,0.898,3.83,100.5
ct,1900,none,6450,1.0,0.666,0.666,0.572,0.981,0.965,0.097,0.902,0.902,3.85,103.9
ct,1900,none,6500,1.0,0.631,0.631,0.563,0.981,0.942,0.094,0.893,0.91,3.82,104.0
ct,1900,none,6550,1.0,0.627,0.627,0.558,0.981,0.927,0.09,0.884,0.918,3.8,100.7
ct,1900,none,6600,1.0,0.611,0.611,0.556,0.977,0.927,0.108,0.864,0.93,3.81,100.7
ct,1900,none,6650,1.0,0.609,0.609,0.561,0.975,0.929,0.103,0.869,0.939,3.82,101.4
ct,1900,none,6700,1.0,0.576,0.576,0.535,0.975,0.936,0.093,0.881,0.951,3.84,101.5
ct,1900,none,6750,1.0,0.587,0.587,0.515,0.962,0.943,0.11,0.871,0.934,3.82,100.3
ct,1900,none,6800,1.0,0.585,0.585,0.513,0.962,0.949,0.101,0.877,0.943,3.83,103.2
ct,1900,none,6850,1.0,0.582,0.582,0.51,0.962,0.955,0.092,0.884,0.951,3.84,100.9
ct,1900,none,6900,1.0,0.579,0.579,0.508,0.962,0.961,0.084,0.89,0.959,3.86,104.1
ct,1900,none,6950,1.0,0.584,0.584,0.496,0.963,0.968,0.093,0.881,0.967,3.87,103.3
ct,1900,none,7000,1.0,0.584,0.584,0.492,0.962,0.973,0.089,0.885,0.973,3.88,101.1
ct,1900,none,7050,1.0,0.603,0.603,0.468,0.962,0.979,0.083,0.892,0.979,3.9,103.2
ct,1900,none,7100,1.0,0.604,0.604,0.468,0.961,0.984,0.08,0.897,0.982,3.9,102.9
ct,1900,none,7150,1.0,0.619,0.619,0.461,0.959,0.987,0.08,0.899,0.982,3.91,102.2
ct,1900,none,7200,1.0,0.638,0.638,0.456,0.958,0.989,0.08,0.902,0.982,3.91,101.5
ct,1900,none,7250,1.0,0.66,0.66,0.453,0.957,0.99,0.079,0.904,0.979,3.91,100.6
ct,1900,none,7300,1.0,0.681,0.681,0.457,0.959,0.989,0.075,0.909,0.976,3.91,103.7
ct,1900,none,7350,1.0,0.701,0.701,0.463,0.961,0.987,0.076,0.908,0.973,3.91,102.8
ct,1900,none,7400,1.0,0.717,0.717,0.471,0.964,0.985,0.073,0.911,0.97,3.9,101.0
ct,1900,none,7450,1.0,0.724,0.724,0.484,0.969,0.982,0.069,0.915,0.968,3.9,103.8
ct,1900,none,7500,1.0,0.729,0.729,0.497,0.973,0.979,0.065,0.918,0.966,3.9,102.2
ct,1900,none,7550,1.0,0.731,0.731,0.511,0.977,0.976,0.061,0.921,0.964,3.9,100.6
ct,1900,none,7600,1.0,0.725,0.725,0.526,0.98,0.974,0.058,0.923,0.965,3.9,103.1
ct,2400,none,800,0.108,0.013,0.013,0.0,0.114,0.056,0.021,0.019,0.0,0.21,104.0
ct,2400,none,850,0.106,0.013,0.013,0.0,0.114,0.056,0.021,0.019,0.0,0.21,110.5
ct,2400,none,900,0.107,0.013,0.013,0.0,0.115,0.056,0.022,0.019,0.0,0.21,106.0
ct,2400,none,950,0.11,0.014,0.014,0.0,0.115,0.056,0.022,0.02,0.0,0.21,101.6
ct,2400,none,1000,0.108,0.014,0.014,0.0,0.115,0.057,0.022,0.02,0.0,0.21,108.9
ct,2400,none,1050,0.109,0.014,0.014,0.0,0.116,0.056,0.022,0.02,0.0,0.21,104.5
ct,2400,none,1100,0.11,0.014,0.014,0.0,0.116,0.056,0.022,0.02,0.0,0.21,100.1
ct,2400,none,1150,0.111,0.014,0.014,0.0,0.115,0.056,0.022,0.02,0.0,0.21,109.2
ct,2400,none,1200,0.112,0.014,0.014,0.0,0.116,0.056,0.022,0.02,0.0,0.21,105.2
ct,2400,none,1250,0.113,0.014,0.014,0.0,0.116,0.056,0.022,0.02,0.0,0.21,101.2
ct,2400,none,1300,0.11,0.014,0.014,0.0,0.118,0.059,0.022,0.022,0.0,0.22,112.0
ct,2400,none,1350,0.112,0.014,0.014,0.0,0.119,0.059,0.022,0.022,0.0,0.22,109.0
ct,2400,none,1400,0.113,0.014,0.014,0.0,0.119,0.058,0.022,0.022,0.0,0.22,105.9
ct,2400,none,1450,0.123,0.015,0.015,0.0,0.127,0.058,0.022,0.023,0.0,0.23,105.1
ct,2400,none,1500,0.127,0.02,0.02,0.0,0.127,0.058,0.022,0.023,0.0,0.23,103.7
ct,2400,none,1550,0.127,0.02,0.02,0.0,0.127,0.058,0.022,0.023,0.0,0.23,101.9
ct,2400,none,1600,0.128,0.02,0.02,0.0,0.127,0.058,0.023,0.023,0.0,0.23,101.0
ct,2400,none,1650,0.159,0.019,0.019,0.0,0.158,0.058,0.023,0.023,0.0,0.26,102.8
ct,2400,none,1700,0.158,0.019,0.019,0.0,0.156,0.058,0.022,0.023,0.002,0.26,106.6
ct,2400,none,1750,0.191,0.018,0.018,0.0,0.192,0.058,0.022,0.062,0.002,0.33,113.8
ct,2400,none,1800,0.269,0.108,0.108,0.0,0.264,0.062,0.031,0.057,0.002,0.42,108.2
ct,2400,none,1850,0.297,0.103,0.103,0.0,0.296,0.107,0.061,0.053,0.002,0.52,124.2
ct,2400,none,1900,0.358,0.105,0.105,0.0,0.29,0.117,0.062,0.049,0.005,0.52,103.9
ct,2400,none,1950,0.435,0.099,0.099,0.0,0.382,0.171,0.041,0.169,0.026,0.79,131.5
ct,2400,none,2000,0.471,0.188,0.188,0.0,0.445,0.216,0.034,0.166,0.013,0.87,102.2
ct,2400,none,2050,0.484,0.193,0.193,0.0,0.428,0.279,0.023,0.183,0.021,0.93,159.4
ct,2400,none,2100,0.569,0.289,0.289,0.0,0.46,0.19,0.04,0.213,0.018,0.92,192.2
ct,2400,none,2150,0.614,0.29,0.29,0.0,0.414,0.27,0.036,0.227,0.028,0.98,163.2
ct,2400,none,2200,0.693,0.285,0.285,0.009,0.569,0.226,0.051,0.2,0.026,1.07,133.0
ct,2400,none,2250,0.673,0.335,0.335,0.022,0.509,0.204,0.057,0.189,0.035,0.99,145.8
ct,2400,none,2300,0.526,0.236,0.236,0.007,0.423,0.193,0.03,0.14,0.073,0.86,102.2
ct,2400,none,2350,0.448,0.199,0.199,0.006,0.329,0.161,0.042,0.126,0.03,0.69,143.0
ct,2400,none,2400,0.545,0.199,0.199,0.012,0.343,0.167,0.047,0.164,0.015,0.74,113.1
ct,2400,none,2450,0.642,0.181,0.181,0.005,0.341,0.269,0.037,0.16,0.046,0.85,137.5
ct,2400,none,2500,0.67,0.225,0.225,0.012,0.438,0.268,0.062,0.261,0.038,1.07,128.5
ct,2400,none,2550,0.687,0.315,0.315,0.016,0.567,0.196,0.043,0.279,0.033,1.12,134.1
ct,2400,none,2600,0.69,0.352,0.352,0.01,0.61,0.202,0.05,0.305,0.062,1.23,105.0
ct,2400,none,2650,0.601,0.281,0.281,0.006,0.526,0.191,0.06,0.251,0.048,1.08,120.5
ct,2400,none,2700,0.516,0.199,0.199,0.003,0.445,0.193,0.07,0.208,0.036,0.95,118.2
ct,2400,none,2750,0.512,0.221,0.221,0.001,0.45,0.253,0.07,0.17,0.034,0.98,115.6
ct,2400,none,2800,0.525,0.2,0.2,0.011,0.413,0.306,0.072,0.141,0.033,0.97,104.4
ct,2400,none,2850,0.531,0.207,0.207,0.012,0.422,0.29,0.068,0.151,0.036,0.97,103.2
ct,2400,none,2900,0.563,0.202,0.202,0.011,0.459,0.274,0.082,0.131,0.045,0.99,105.8
ct,2400,none,2950,0.572,0.195,0.195,0.01,0.467,0.244,0.076,0.122,0.044,0.95,107.3
ct,2400,none,3000,0.578,0.173,0.173,0.008,0.487,0.209,0.065,0.133,0.067,0.96,107.4
ct,2400,none,3050,0.565,0.163,0.163,0.006,0.491,0.183,0.056,0.121,0.074,0.93,102.2
ct,2400,none,3100,0.546,0.146,0.146,0.005,0.474,0.19,0.054,0.13,0.068,0.91,102.3
ct,2400,none,3150,0.527,0.132,0.132,0.004,0.466,0.192,0.055,0.132,0.063,0.91,100.6
ct,2400,none,3200,0.559,0.123,0.123,0.003,0.496,0.215,0.052,0.202,0.079,1.04,105.4
ct,2400,none,3250,0.561,0.116,0.116,0.016,0.502,0.216,0.052,0.211,0.092,1.07,106.0
ct,2400,none,3300,0.564,0.12,0.12,0.017,0.51,0.214,0.052,0.231,0.094,1.1,100.7
ct,2400,none,3350,0.574,0.144,0.144,0.016,0.521,0.207,0.051,0.258,0.118,1.16,104.5
ct,2400,none,3400,0.58,0.141,0.141,0.016,0.528,0.204,0.051,0.266,0.132,1.18,101.7
ct,2400,none,3450,0.579,0.142,0.142,0.015,0.526,0.202,0.051,0.269,0.132,1.18,104.0
ct,2400,none,3500,0.578,0.141,0.141,0.014,0.524,0.201,0.051,0.271,0.13,1.18,105.5
ct,2400,none,3550,0.613,0.154,0.154,0.012,0.507,0.195,0.047,0.295,0.133,1.18,104.7
ct,2400,none,3600,0.627,0.149,0.149,0.011,0.521,0.202,0.044,0.292,0.159,1.22,100.2
ct,2400,none,3650,0.634,0.161,0.161,0.01,0.527,0.215,0.058,0.287,0.154,1.24,100.2
ct,2400,none,3700,0.649,0.153,0.153,0.009,0.546,0.233,0.055,0.317,0.187,1.34,102.0
ct,2400,none,3750,0.664,0.144,0.144,0.008,0.551,0.253,0.066,0.303,0.177,1.35,104.0
ct,2400,none,3800,0.664,0.142,0.142,0.01,0.55,0.253,0.065,0.303,0.176,1.35,104.5
ct,2400,none,3850,0.716,0.131,0.131,0.023,0.617,0.232,0.069,0.291,0.181,1.39,104.0
ct,2400,none,3900,0.732,0.136,0.136,0.023,0.622,0.234,0.066,0.278,0.2,1.4,102.6
ct,2400,none,3950,0.732,0.133,0.133,0.024,0.621,0.232,0.064,0.274,0.199,1.39,103.3
ct,2400,none,4000,0.735,0.13,0.13,0.025,0.622,0.23,0.063,0.271,0.199,1.39,100.1
ct,2400,none,4050,0.779,0.106,0.106,0.023,0.654,0.3,0.08,0.257,0.172,1.46,102.6
ct,2400,none,4100,0.779,0.104,0.104,0.024,0.652,0.3,0.08,0.253,0.169,1.45,102.9
ct,2400,none,4150,0.822,0.081,0.081,0.022,0.697,0.277,0.069,0.343,0.198,1.58,100.5
ct,2400,none,4200,0.831,0.088,0.088,0.022,0.707,0.283,0.067,0.35,0.207,1.61,100.1
ct,2400,none,4250,0.843,0.107,0.107,0.022,0.698,0.322,0.089,0.36,0.223,1.69,101.0
ct,2400,none,4300,0.846,0.104,0.104,0.035,0.7,0.331,0.088,0.369,0.235,1.72,101.6
ct,2400,none,4350,0.893,0.077,0.077,0.031,0.76,0.37,0.071,0.4,0.327,1.93,101.5
ct,2400,none,4400,0.899,0.097,0.097,0.031,0.767,0.388,0.069,0.392,0.325,1.94,100.7
ct,2400,none,4450,0.897,0.097,0.097,0.031,0.764,0.387,0.069,0.39,0.326,1.94,101.9
ct,2400,none,4500,0.91,0.152,0.152,0.03,0.784,0.369,0.064,0.431,0.314,1.96,100.2
ct,2400,none,4550,0.932,0.134,0.134,0.026,0.81,0.466,0.077,0.389,0.41,2.15,101.6
ct,2400,none,4600,0.935,0.134,0.134,0.043,0.815,0.475,0.077,0.398,0.426,2.19,100.6
ct,2400,none,4650,0.956,0.113,0.113,0.038,0.859,0.489,0.062,0.513,0.557,2.48,101.1
ct,2400,none,4700,0.962,0.165,0.165,0.037,0.871,0.511,0.058,0.538,0.588,2.56,101.5
ct,2400,none,4750,0.965,0.162,0.162,0.037,0.878,0.53,0.091,0.526,0.614,2.64,101.5
ct,2400,none,4800,0.966,0.163,0.163,0.038,0.879,0.53,0.093,0.529,0.62,2.65,100.4
ct,2400,none,4850,0.981,0.137,0.137,0.03,0.916,0.649,0.09,0.633,0.716,3.0,102.0
ct,2400,none,4900,0.983,0.157,0.157,0.03,0.922,0.643,0.089,0.628,0.721,3.0,100.6
ct,2400,none,4950,0.984,0.152,0.152,0.041,0.924,0.653,0.099,0.628,0.728,3.03,100.3
ct,2400,none,5000,0.986,0.194,0.194,0.041,0.93,0.641,0.096,0.654,0.749,3.07,100.7
ct,2400,none,5050,0.989,0.181,0.181,0.052,0.939,0.665,0.09,0.691,0.78,3.16,100.7
ct,2400,none,5100,0.989,0.19,0.19,0.054,0.94,0.672,0.102,0.686,0.784,3.18,100.5
ct,2400,none,5150,0.988,0.188,0.188,0.056,0.937,0.672,0.102,0.686,0.78,3.18,101.7
ct,2400,none,5200,0.993,0.307,0.307,0.052,0.952,0.733,0.09,0.724,0.832,3.33,101.7
ct,2400,none,5250,0.954,0.295,0.295,0.093,0.959,0.754,0.095,0.716,0.815,3.34,102.0
ct,2400,none,5300,0.953,0.303,0.303,0.095,0.958,0.76,0.094,0.719,0.815,3.35,101.3
ct,2400,none,5350,0.954,0.305,0.305,0.096,0.944,0.768,0.105,0.726,0.819,3.36,101.5
ct,2400,none,5400,0.955,0.323,0.323,0.11,0.946,0.756,0.1,0.727,0.829,3.36,101.2
ct,2400,none,5450,0.956,0.323,0.323,0.125,0.946,0.763,0.097,0.734,0.832,3.37,101.5
ct,2400,none,5500,0.956,0.327,0.327,0.128,0.945,0.767,0.095,0.737,0.833,3.38,101.1
ct,2400,none,5550,0.956,0.333,0.333,0.133,0.945,0.773,0.093,0.742,0.837,3.39,98.4
ct,2400,none,5600,0.962,0.429,0.429,0.25,0.953,0.812,0.08,0.784,0.865,3.49,101.9
ct,2400,none,5650,0.963,0.444,0.444,0.268,0.954,0.821,0.077,0.792,0.871,3.51,99.6
ct,2400,none,5700,0.966,0.434,0.434,0.271,0.958,0.796,0.084,0.754,0.839,3.43,97.7
ct,2400,none,5750,0.968,0.45,0.45,0.291,0.959,0.804,0.081,0.761,0.843,3.45,92.7
ct,2400,none,5800,0.97,0.483,0.483,0.334,0.962,0.818,0.075,0.775,0.853,3.48,89.8
ct,2400,none,5850,0.972,0.501,0.501,0.358,0.963,0.826,0.071,0.783,0.858,3.5,85.0
ct,2400,none,5900,0.975,0.499,0.499,0.368,0.966,0.841,0.065,0.762,0.831,3.47,81.7
ct,2400,none,5950,0.977,0.514,0.514,0.39,0.968,0.849,0.061,0.768,0.834,3.48,77.1
ct,2400,none,6000,0.979,0.529,0.529,0.412,0.97,0.858,0.056,0.774,0.838,3.5,72.9
ct,2400,none,6050,0.981,0.543,0.543,0.435,0.971,0.866,0.052,0.781,0.842,3.51,68.9
ct,2400,none,6100,0.983,0.545,0.545,0.447,0.974,0.878,0.069,0.769,0.827,3.52,66.0
ct,2400,none,6150,0.985,0.557,0.557,0.468,0.976,0.886,0.066,0.775,0.831,3.53,62.7
ct,2400,none,6200,0.988,0.542,0.542,0.465,0.979,0.876,0.06,0.767,0.843,3.53,61.2
ct,2400,none,6250,0.989,0.553,0.553,0.482,0.981,0.883,0.057,0.772,0.849,3.54,58.5
ct,2400,none,6300,0.991,0.549,0.549,0.513,0.983,0.893,0.053,0.758,0.834,3.52,57.1
ct,2400,none,6350,0.993,0.559,0.559,0.53,0.985,0.9,0.05,0.762,0.839,3.54,55.0
ct,2400,none,6400,0.994,0.54,0.54,0.517,0.987,0.911,0.096,0.778,0.802,3.58,54.6
ct,2400,none,6450,0.995,0.561,0.561,0.515,0.989,0.92,0.121,0.762,0.783,3.58,53.5
ct,2400,none,6500,0.996,0.566,0.566,0.524,0.991,0.904,0.116,0.779,0.798,3.59,53.3
ct,2400,none,6550,0.997,0.575,0.575,0.532,0.993,0.909,0.116,0.785,0.803,3.61,51.5
ct,2400,none,6600,0.998,0.585,0.585,0.54,0.994,0.914,0.115,0.79,0.809,3.62,49.8
ct,2400,none,6650,0.998,0.595,0.595,0.548,0.995,0.918,0.114,0.795,0.816,3.64,48.1
ct,2400,none,6700,0.999,0.576,0.576,0.527,0.996,0.927,0.107,0.811,0.832,3.67,48.2
ct,2400,none,6750,0.999,0.585,0.585,0.531,0.997,0.931,0.104,0.817,0.841,3.69,46.5
ct,2400,none,6800,0.999,0.594,0.594,0.535,0.997,0.936,0.1,0.823,0.849,3.71,44.7
ct,2400,none,6850,0.999,0.604,0.604,0.538,0.998,0.94,0.096,0.83,0.859,3.72,43.0
ct,2400,none,6900,1.0,0.614,0.614,0.542,0.998,0.944,0.091,0.836,0.868,3.74,41.3
ct,2400,none,6950,1.0,0.644,0.644,0.517,0.999,0.951,0.133,0.799,0.85,3.73,41.3
ct,2400,none,7000,1.0,0.656,0.656,0.519,0.999,0.955,0.131,0.802,0.858,3.75,39.7
ct,2400,none,7050,1.0,0.689,0.689,0.485,0.999,0.928,0.12,0.784,0.876,3.71,39.9
ct,2400,none,7100,1.0,0.7,0.7,0.485,0.999,0.93,0.118,0.786,0.885,3.72,38.4
ct,2400,none,7150,1.0,0.711,0.711,0.485,1.0,0.933,0.116,0.788,0.893,3.73,37.0
ct,2400,none,7200,1.0,0.72,0.72,0.487,1.0,0.935,0.113,0.79,0.901,3.74,35.8
ct,2400,none,7250,1.0,0.729,0.729,0.489,1.0,0.938,0.111,0.793,0.909,3.75,34.6
ct,2400,none,7300,1.0,0.736,0.736,0.492,1.0,0.94,0.108,0.796,0.917,3.76,33.5
ct,2400,none,7350,1.0,0.743,0.743,0.498,1.0,0.943,0.111,0.795,0.925,3.77,32.8
ct,2400,none,7400,1.0,0.717,0.717,0.524,1.0,0.907,0.106,0.806,0.935,3.75,32.8
ct,2400,none,7450,1.0,0.719,0.719,0.531,1.0,0.907,0.105,0.81,0.942,3.76,32.0
ct,2400,none,7500,1.0,0.719,0.719,0.539,1.0,0.908,0.105,0.814,0.948,3.77,31.1
ct,2400,none,7550,1.0,0.718,0.718,0.548,1.0,0.909,0.105,0.818,0.954,3.79,30.3
ct,2400,none,7600,1.0,0.717,0.717,0.558,1.0,0.911,0.105,0.822,0.959,3.8,29.5
ct,2900,none,800,0.275,0.204,0.204,0.0,0.274,0.137,0.02,0.192,0.046,0.67,103.8
ct,2900,none,850,0.276,0.206,0.206,0.0,0.274,0.137,0.02,0.191,0.047,0.67,100.8
ct,2900,none,900,0.275,0.204,0.204,0.0,0.274,0.137,0.02,0.192,0.046,0.67,104.2
ct,2900,none,950,0.288,0.202,0.202,0.0,0.286,0.139,0.024,0.188,0.046,0.68,104.0
ct,2900,none,1000,0.289,0.203,0.203,0.0,0.286,0.14,0.024,0.187,0.046,0.68,101.0
ct,2900,none,1050,0.288,0.201,0.201,0.0,0.286,0.139,0.024,0.188,0.045,0.68,104.7
ct,2900,none,1100,0.289,0.203,0.203,0.0,0.286,0.14,0.024,0.187,0.046,0.68,101.7
ct,2900,none,1150,0.297,0.202,0.202,0.0,0.288,0.143,0.023,0.184,0.047,0.68,100.3
ct,2900,none,1200,0.296,0.2,0.2,0.0,0.287,0.142,0.024,0.185,0.045,0.68,104.6
ct,2900,none,1250,0.297,0.202,0.202,0.0,0.289,0.143,0.023,0.185,0.046,0.69,101.7
ct,2900,none,1300,0.295,0.198,0.198,0.0,0.287,0.141,0.024,0.186,0.045,0.68,107.0
ct,2900,none,1350,0.295,0.2,0.2,0.0,0.287,0.142,0.023,0.185,0.045,0.68,104.0
ct,2900,none,1400,0.296,0.201,0.201,0.0,0.287,0.142,0.023,0.184,0.046,0.68,101.2
ct,2900,none,1450,0.297,0.198,0.198,0.0,0.289,0.141,0.023,0.185,0.045,0.68,107.0
ct,2900,none,1500,0.297,0.2,0.2,0.0,0.289,0.141,0.023,0.184,0.045,0.68,104.1
ct,2900,none,1550,0.301,0.2,0.2,0.0,0.292,0.141,0.023,0.187,0.046,0.69,101.9
ct,2900,none,1600,0.3,0.197,0.197,0.0,0.292,0.14,0.023,0.189,0.044,0.69,108.2
ct,2900,none,1650,0.3,0.198,0.198,0.0,0.293,0.141,0.023,0.188,0.045,0.69,105.8
ct,2900,none,1700,0.301,0.199,0.199,0.0,0.293,0.141,0.023,0.187,0.046,0.69,103.3
ct,2900,none,1750,0.301,0.201,0.201,0.0,0.293,0.141,0.023,0.186,0.046,0.69,100.9
ct,2900,none,1800,0.3,0.197,0.197,0.0,0.292,0.14,0.023,0.189,0.045,0.69,108.9
ct,2900,none,1850,0.3,0.198,0.198,0.0,0.293,0.141,0.023,0.189,0.045,0.69,107.1
ct,2900,none,1900,0.3,0.199,0.199,0.0,0.293,0.141,0.023,0.188,0.045,0.69,105.5
ct,2900,none,1950,0.301,0.199,0.199,0.0,0.293,0.141,0.023,0.188,0.045,0.69,104.3
ct,2900,none,2000,0.301,0.2,0.2,0.0,0.293,0.141,0.023,0.188,0.046,0.69,103.4
ct,2900,none,2050,0.301,0.2,0.2,0.0,0.294,0.141,0.023,0.188,0.046,0.69,103.2
ct,2900,none,2100,0.313,0.214,0.214,0.0,0.306,0.138,0.023,0.203,0.044,0.71,104.0
ct,2900,none,2150,0.319,0.211,0.211,0.009,0.312,0.146,0.023,0.21,0.053,0.74,106.7
ct,2900,none,2200,0.318,0.209,0.209,0.009,0.312,0.146,0.023,0.211,0.052,0.74,109.8
ct,2900,none,2250,0.322,0.215,0.215,0.01,0.316,0.147,0.022,0.209,0.054,0.75,100.1
ct,2900,none,2300,0.32,0.209,0.209,0.01,0.315,0.146,0.023,0.212,0.052,0.75,108.2
ct,2900,none,2350,0.33,0.209,0.209,0.01,0.322,0.149,0.023,0.218,0.057,0.77,106.3
ct,2900,none,2400,0.336,0.202,0.202,0.011,0.321,0.148,0.024,0.23,0.054,0.78,111.5
ct,2900,none,2450,0.352,0.197,0.197,0.02,0.332,0.17,0.048,0.258,0.073,0.88,108.2
ct,2900,none,2500,0.359,0.142,0.142,0.014,0.331,0.15,0.045,0.276,0.067,0.87,110.1
ct,2900,none,2550,0.331,0.14,0.14,0.003,0.306,0.137,0.036,0.263,0.039,0.78,107.9
ct,2900,none,2600,0.331,0.157,0.157,0.001,0.307,0.135,0.026,0.224,0.026,0.72,119.1
ct,2900,none,2650,0.397,0.173,0.173,0.0,0.335,0.129,0.015,0.163,0.033,0.67,111.5
ct,2900,none,2700,0.443,0.176,0.176,0.0,0.378,0.145,0.023,0.159,0.049,0.75,112.1
ct,2900,none,2750,0.441,0.146,0.146,0.0,0.385,0.169,0.028,0.186,0.06,0.83,114.8
ct,2900,none,2800,0.439,0.134,0.134,0.0,0.377,0.182,0.022,0.198,0.064,0.84,112.5
ct,2900,none,2850,0.465,0.152,0.152,0.0,0.385,0.18,0.014,0.212,0.062,0.85,111.6
ct,2900,none,2900,0.517,0.155,0.155,0.0,0.411,0.169,0.007,0.213,0.069,0.87,102.1
ct,2900,none,2950,0.559,0.147,0.147,0.0,0.421,0.154,0.004,0.22,0.06,0.86,103.2
ct,2900,none,3000,0.603,0.119,0.119,0.0,0.451,0.139,0.002,0.263,0.088,0.94,109.6
ct,2900,none,3050,0.622,0.106,0.106,0.0,0.462,0.114,0.002,0.274,0.093,0.94,102.6
ct,2900,none,3100,0.623,0.084,0.084,0.0,0.476,0.125,0.016,0.267,0.089,0.97,107.2
ct,2900,none,3150,0.605,0.071,0.071,0.001,0.473,0.116,0.02,0.262,0.074,0.95,106.8
ct,2900,none,3200,0.601,0.059,0.059,0.002,0.488,0.132,0.024,0.283,0.07,1.0,100.6
ct,2900,none,3250,0.58,0.058,0.058,0.005,0.486,0.133,0.026,0.276,0.062,0.98,105.2
ct,2900,none,3300,0.561,0.057,0.057,0.009,0.484,0.136,0.028,0.267,0.055,0.97,102.5
ct,2900,none,3350,0.549,0.072,0.072,0.012,0.49,0.138,0.03,0.266,0.063,0.99,100.4
ct,2900,none,3400,0.559,0.071,0.071,0.014,0.515,0.189,0.031,0.294,0.097,1.13,100.4
ct,2900,none,3450,0.566,0.085,0.085,0.028,0.528,0.204,0.046,0.274,0.107,1.16,103.2
ct,2900,none,3500,0.562,0.087,0.087,0.028,0.526,0.208,0.048,0.262,0.104,1.15,103.4
ct,2900,none,3550,0.609,0.128,0.128,0.026,0.515,0.226,0.045,0.283,0.126,1.2,101.2
ct,2900,none,3600,0.633,0.129,0.129,0.034,0.541,0.258,0.044,0.29,0.175,1.31,103.4
ct,2900,none,3650,0.638,0.134,0.134,0.034,0.546,0.267,0.046,0.288,0.183,1.33,101.7
ct,2900,none,3700,0.644,0.144,0.144,0.034,0.555,0.28,0.047,0.291,0.196,1.37,101.5
ct,2900,none,3750,0.692,0.146,0.146,0.03,0.534,0.365,0.057,0.283,0.195,1.43,103.4
ct,2900,none,3800,0.696,0.149,0.149,0.029,0.539,0.376,0.06,0.282,0.201,1.46,103.1
ct,2900,none,3850,0.716,0.146,0.146,0.027,0.566,0.373,0.061,0.269,0.199,1.47,101.7
ct,2900,none,3900,0.728,0.143,0.143,0.025,0.584,0.395,0.061,0.288,0.225,1.55,103.9
ct,2900,none,3950,0.736,0.148,0.148,0.028,0.595,0.408,0.063,0.291,0.236,1.59,100.6
ct,2900,none,4000,0.744,0.148,0.148,0.028,0.607,0.405,0.064,0.304,0.252,1.63,101.9
ct,2900,none,4050,0.798,0.125,0.125,0.024,0.688,0.509,0.055,0.267,0.246,1.76,103.7
ct,2900,none,4100,0.809,0.124,0.124,0.024,0.701,0.525,0.056,0.272,0.257,1.81,100.5
ct,2900,none,4150,0.904,0.137,0.137,0.068,0.825,0.442,0.044,0.497,0.256,2.06,102.6
ct,2900,none,4200,0.93,0.216,0.216,0.067,0.867,0.421,0.039,0.496,0.259,2.08,101.0
ct,2900,none,4250,0.953,0.234,0.234,0.064,0.908,0.48,0.122,0.473,0.261,2.24,101.5
ct,2900,none,4300,0.958,0.239,0.239,0.087,0.913,0.497,0.129,0.485,0.281,2.31,101.6
ct,2900,none,4350,0.988,0.168,0.168,0.041,0.957,0.451,0.1,0.412,0.517,2.44,105.6
ct,2900,none,4400,0.998,0.228,0.228,0.026,0.976,0.525,0.09,0.326,0.525,2.44,112.6
ct,2900,none,4450,1.0,0.216,0.216,0.044,0.984,0.531,0.126,0.318,0.531,2.49,117.4
ct,2900,none,4500,1.0,0.271,0.271,0.042,0.994,0.474,0.153,0.416,0.537,2.57,114.9
ct,2900,none,4550,1.0,0.225,0.225,0.033,0.965,0.643,0.128,0.456,0.583,2.78,130.7
ct,2900,none,4600,1.0,0.275,0.275,0.034,0.927,0.731,0.153,0.421,0.564,2.8,113.6
ct,2900,none,4650,1.0,0.203,0.203,0.017,0.928,0.548,0.145,0.594,0.674,2.89,110.1
ct,2900,none,4700,1.0,0.259,0.259,0.007,0.942,0.45,0.116,0.607,0.707,2.82,115.8
ct,2900,none,4750,0.994,0.291,0.291,0.007,0.959,0.461,0.146,0.556,0.737,2.86,113.7
ct,2900,none,4800,0.982,0.32,0.32,0.013,0.962,0.477,0.147,0.537,0.755,2.88,107.8
ct,2900,none,4850,0.976,0.227,0.227,0.013,0.979,0.65,0.104,0.637,0.852,3.22,103.9
ct,2900,none,4900,0.976,0.338,0.338,0.024,0.984,0.781,0.083,0.578,0.864,3.29,103.6
ct,2900,none,4950,0.955,0.299,0.299,0.024,0.96,0.82,0.066,0.582,0.863,3.29,105.6
ct,2900,none,5000,0.959,0.314,0.314,0.025,0.947,0.798,0.048,0.611,0.883,3.29,100.2
ct,2900,none,5050,0.964,0.24,0.24,0.101,0.942,0.735,0.03,0.67,0.91,3.29,104.9
ct,2900,none,5100,0.965,0.236,0.236,0.115,0.945,0.72,0.04,0.675,0.912,3.29,103.5
ct,2900,none,5150,0.964,0.233,0.233,0.115,0.945,0.712,0.042,0.674,0.904,3.28,109.0
ct,2900,none,5200,0.971,0.376,0.376,0.105,0.956,0.767,0.043,0.741,0.901,3.41,102.7
ct,2900,none,5250,0.949,0.357,0.357,0.167,0.962,0.8,0.05,0.735,0.87,3.42,106.5
ct,2900,none,5300,0.948,0.365,0.365,0.173,0.963,0.809,0.051,0.741,0.868,3.43,103.7
ct,2900,none,5350,0.948,0.369,0.369,0.177,0.964,0.815,0.051,0.744,0.866,3.44,102.2
ct,2900,none,5400,0.953,0.344,0.344,0.163,0.876,0.753,0.043,0.705,0.787,3.16,101.2
ct,2900,none,5450,0.955,0.334,0.334,0.176,0.866,0.749,0.042,0.702,0.778,3.14,100.7
ct,2900,none,5500,0.957,0.328,0.328,0.177,0.858,0.743,0.042,0.696,0.767,3.11,100.0
ct,2900,none,5550,0.958,0.323,0.323,0.173,0.858,0.736,0.044,0.688,0.763,3.09,107.2
ct,2900,none,5600,0.963,0.331,0.331,0.202,0.828,0.758,0.038,0.681,0.723,3.03,103.0
ct,2900,none,5650,0.964,0.33,0.33,0.206,0.826,0.757,0.039,0.678,0.717,3.02,102.9
ct,2900,none,5700,0.968,0.297,0.297,0.188,0.842,0.73,0.035,0.609,0.658,2.87,105.2
ct,2900,none,5750,0.97,0.32,0.32,0.182,0.815,0.703,0.034,0.582,0.63,2.76,105.3
ct,2900,none,5800,0.971,0.319,0.319,0.183,0.816,0.7,0.035,0.577,0.626,2.75,105.1
ct,2900,none,5850,0.972,0.319,0.319,0.183,0.817,0.698,0.035,0.574,0.624,2.75,105.5
ct,2900,none,5900,0.976,0.284,0.284,0.166,0.798,0.693,0.048,0.506,0.584,2.63,100.4
ct,2900,none,5950,0.976,0.282,0.282,0.165,0.799,0.692,0.05,0.502,0.583,2.63,100.5
ct,2900,none,6000,0.977,0.275,0.275,0.16,0.805,0.678,0.05,0.51,0.572,2.61,101.2
ct,2900,none,6050,0.978,0.274,0.274,0.158,0.807,0.677,0.051,0.509,0.573,2.62,102.0
ct,2900,none,6100,0.979,0.279,0.279,0.172,0.812,0.688,0.07,0.503,0.562,2.64,96.7
ct,2900,none,6150,0.98,0.276,0.276,0.177,0.807,0.688,0.071,0.493,0.547,2.61,86.1
ct,2900,none,6200,0.982,0.273,0.273,0.181,0.802,0.687,0.074,0.484,0.533,2.58,76.7
ct,2900,none,6250,0.983,0.27,0.27,0.185,0.798,0.687,0.076,0.475,0.52,2.56,68.5
ct,2900,none,6300,0.984,0.267,0.267,0.189,0.795,0.687,0.079,0.468,0.508,2.54,61.3
ct,2900,none,6350,0.986,0.264,0.264,0.193,0.793,0.688,0.082,0.461,0.498,2.52,54.9
ct,2900,none,6400,0.987,0.261,0.261,0.197,0.793,0.69,0.085,0.457,0.489,2.51,49.3
ct,2900,none,6450,0.988,0.258,0.258,0.2,0.793,0.692,0.089,0.454,0.483,2.51,44.2
ct,2900,none,6500,0.99,0.24,0.24,0.191,0.806,0.655,0.086,0.484,0.509,2.54,39.0
ct,2900,none,6550,0.991,0.235,0.235,0.192,0.81,0.653,0.089,0.49,0.512,2.55,34.6
ct,2900,none,6600,0.992,0.23,0.23,0.192,0.815,0.651,0.09,0.498,0.517,2.57,30.7
ct,2900,none,6650,0.993,0.225,0.225,0.192,0.821,0.649,0.092,0.509,0.526,2.6,27.1
ct,2900,none,6700,0.994,0.211,0.211,0.184,0.835,0.621,0.089,0.542,0.556,2.64,24.8
ct,2900,none,6750,0.995,0.204,0.204,0.181,0.844,0.612,0.088,0.563,0.574,2.68,21.9
ct,3400,none,1000,0.262,0.0,0.0,0.0,0.417,0.235,0.004,0.08,0.0,0.74,24.2
ct,3400,none,1050,0.262,0.0,0.0,0.0,0.418,0.236,0.005,0.08,0.0,0.74,24.6
ct,3400,none,1100,0.249,0.0,0.0,0.0,0.445,0.225,0.005,0.12,0.0,0.8,26.0
ct,3400,none,1150,0.338,0.0,0.0,0.0,0.43,0.198,0.005,0.105,0.0,0.74,30.3
ct,3400,none,1200,0.336,0.0,0.0,0.0,0.433,0.2,0.005,0.104,0.0,0.74,30.9
ct,3400,none,1250,0.381,0.0,0.0,0.0,0.473,0.186,0.005,0.166,0.0,0.83,33.3
ct,3400,none,1300,0.369,0.0,0.0,0.0,0.489,0.205,0.005,0.166,0.0,0.86,35.1
ct,3400,none,1350,0.397,0.0,0.0,0.0,0.467,0.199,0.005,0.157,0.0,0.83,37.7
ct,3400,none,1400,0.387,0.0,0.0,0.0,0.479,0.218,0.029,0.153,0.0,0.88,39.3
ct,3400,none,1450,0.615,0.0,0.0,0.0,0.64,0.163,0.018,0.11,0.0,0.93,61.4
ct,3400,none,1500,0.623,0.025,0.025,0.0,0.624,0.159,0.018,0.108,0.0,0.91,63.1
ct,3400,none,1550,0.625,0.024,0.024,0.0,0.628,0.157,0.018,0.116,0.0,0.92,64.9
ct,3400,none,1600,0.624,0.023,0.023,0.0,0.628,0.157,0.019,0.117,0.0,0.92,66.0
ct,3400,none,1650,0.671,0.02,0.02,0.0,0.674,0.219,0.017,0.103,0.0,1.01,78.7
ct,3400,none,1700,0.661,0.019,0.019,0.0,0.666,0.217,0.017,0.102,0.0,1.0,81.8
ct,3400,none,1750,0.702,0.016,0.016,0.0,0.706,0.191,0.015,0.18,0.0,1.09,92.6
ct,3400,none,1800,0.704,0.027,0.027,0.0,0.71,0.189,0.015,0.179,0.0,1.09,96.3
ct,3400,none,1850,0.703,0.027,0.027,0.001,0.71,0.191,0.017,0.179,0.0,1.1,98.7
ct,3400,none,1900,0.708,0.027,0.027,0.001,0.699,0.188,0.016,0.176,0.0,1.08,101.0
ct,3400,none,1950,0.714,0.026,0.026,0.001,0.693,0.186,0.016,0.178,0.0,1.07,100.6
ct,3400,none,2000,0.714,0.027,0.027,0.001,0.693,0.187,0.016,0.178,0.0,1.08,100.8
ct,3400,none,2050,0.714,0.027,0.027,0.001,0.693,0.187,0.016,0.178,0.0,1.08,100.8
ct,3400,none,2100,0.714,0.028,0.028,0.001,0.693,0.187,0.016,0.179,0.0,1.08,101.0
ct,3400,none,2150,0.714,0.028,0.028,0.001,0.693,0.187,0.016,0.179,0.0,1.08,101.2
ct,3400,none,2200,0.718,0.027,0.027,0.0,0.697,0.184,0.015,0.176,0.0,1.07,100.9
ct,3400,none,2250,0.718,0.027,0.027,0.0,0.698,0.184,0.015,0.176,0.001,1.07,101.4
ct,3400,none,2300,0.718,0.027,0.027,0.0,0.698,0.184,0.015,0.176,0.001,1.07,101.8
ct,3400,none,2350,0.717,0.027,0.027,0.0,0.698,0.184,0.015,0.176,0.001,1.08,102.4
ct,3400,none,2400,0.717,0.027,0.027,0.0,0.698,0.185,0.015,0.176,0.001,1.08,103.1
ct,3400,none,2450,0.717,0.027,0.027,0.0,0.698,0.185,0.015,0.175,0.001,1.08,100.5
ct,3400,none,2500,0.717,0.027,0.027,0.0,0.699,0.185,0.015,0.176,0.001,1.08,101.7
ct,3400,none,2550,0.716,0.027,0.027,0.001,0.699,0.185,0.015,0.176,0.001,1.08,103.0
ct,3400,none,2600,0.716,0.026,0.026,0.0,0.699,0.185,0.015,0.176,0.001,1.08,100.7
ct,3400,none,2650,0.715,0.026,0.026,0.0,0.699,0.185,0.015,0.176,0.001,1.08,102.4
ct,3400,none,2700,0.714,0.026,0.026,0.0,0.699,0.185,0.015,0.175,0.001,1.08,100.6
ct,3400,none,2750,0.713,0.026,0.026,0.0,0.7,0.185,0.015,0.175,0.001,1.08,103.0
ct,3400,none,2800,0.711,0.025,0.025,0.0,0.7,0.185,0.015,0.174,0.001,1.08,101.9
ct,3400,none,2850,0.71,0.025,0.025,0.0,0.701,0.185,0.014,0.174,0.001,1.08,101.4
ct,3400,none,2900,0.71,0.024,0.024,0.0,0.705,0.194,0.014,0.171,0.011,1.1,102.6
ct,3400,none,2950,0.707,0.024,0.024,0.0,0.706,0.194,0.014,0.17,0.011,1.1,103.6
ct,3400,none,3000,0.711,0.033,0.033,0.0,0.719,0.196,0.013,0.192,0.03,1.15,101.4
ct,3400,none,3050,0.71,0.062,0.062,0.0,0.739,0.225,0.013,0.202,0.053,1.23,100.1
ct,3400,none,3100,0.714,0.063,0.063,0.012,0.756,0.242,0.024,0.196,0.077,1.29,101.3
ct,3400,none,3150,0.719,0.061,0.061,0.012,0.742,0.247,0.028,0.2,0.071,1.29,108.2
ct,3400,none,3200,0.728,0.056,0.056,0.01,0.722,0.244,0.032,0.205,0.06,1.26,110.0
ct,3400,none,3250,0.737,0.049,0.049,0.007,0.689,0.234,0.037,0.217,0.044,1.23,106.5
ct,3400,none,3300,0.751,0.045,0.045,0.004,0.671,0.229,0.057,0.226,0.031,1.23,100.9
ct,3400,none,3350,0.767,0.051,0.051,0.005,0.672,0.217,0.062,0.24,0.036,1.24,103.2
ct,3400,none,3400,0.792,0.069,0.069,0.016,0.698,0.209,0.061,0.257,0.083,1.32,107.5
ct,3400,none,3450,0.814,0.097,0.097,0.024,0.727,0.216,0.066,0.265,0.113,1.4,109.1
ct,3400,none,3500,0.838,0.147,0.147,0.036,0.746,0.236,0.073,0.289,0.162,1.51,104.1
ct,3400,none,3550,0.866,0.205,0.205,0.046,0.749,0.303,0.089,0.343,0.206,1.69,107.9
ct,3400,none,3600,0.882,0.183,0.183,0.075,0.762,0.357,0.103,0.352,0.242,1.82,106.2
ct,3400,none,3650,0.872,0.142,0.142,0.069,0.748,0.358,0.092,0.332,0.221,1.75,104.8
ct,3400,none,3700,0.853,0.136,0.136,0.051,0.73,0.321,0.082,0.327,0.196,1.66,107.4
ct,3400,none,3750,0.854,0.14,0.14,0.047,0.707,0.332,0.072,0.337,0.183,1.63,107.1
ct,3400,none,3800,0.86,0.144,0.144,0.053,0.715,0.333,0.087,0.366,0.196,1.7,100.1
ct,3400,none,3850,0.905,0.109,0.109,0.034,0.764,0.263,0.085,0.305,0.17,1.59,103.7
ct,3400,none,3900,0.921,0.1,0.1,0.026,0.768,0.266,0.089,0.308,0.174,1.62,107.3
ct,3400,none,3950,0.928,0.1,0.1,0.023,0.755,0.272,0.092,0.312,0.172,1.62,107.9
ct,3400,none,4000,0.936,0.105,0.105,0.018,0.74,0.277,0.095,0.315,0.168,1.61,101.7
ct,3400,none,4050,0.947,0.105,0.105,0.013,0.748,0.353,0.088,0.288,0.145,1.63,102.0
ct,3400,none,4100,0.951,0.144,0.144,0.012,0.717,0.39,0.085,0.291,0.144,1.63,104.6
ct,3400,none,4150,0.96,0.145,0.145,0.009,0.731,0.382,0.078,0.343,0.135,1.68,102.7
ct,3400,none,4200,0.963,0.174,0.174,0.008,0.74,0.381,0.085,0.356,0.14,1.71,103.9
ct,3400,none,4250,0.966,0.191,0.191,0.008,0.75,0.402,0.1,0.354,0.151,1.76,103.9
ct,3400,none,4300,0.967,0.195,0.195,0.021,0.759,0.401,0.103,0.355,0.165,1.79,103.8
ct,3400,none,4350,0.982,0.156,0.156,0.017,0.827,0.401,0.08,0.417,0.316,2.04,104.9
ct,3400,none,4400,0.985,0.18,0.18,0.028,0.846,0.43,0.077,0.424,0.338,2.12,102.2
ct,3400,none,4450,0.985,0.18,0.18,0.029,0.854,0.434,0.077,0.428,0.349,2.14,101.8
ct,3400,none,4500,0.986,0.191,0.191,0.03,0.86,0.433,0.076,0.438,0.352,2.16,103.1
ct,3400,none,4550,0.993,0.164,0.164,0.026,0.906,0.551,0.073,0.411,0.516,2.46,102.2
ct,3400,none,4600,0.995,0.184,0.184,0.071,0.922,0.583,0.085,0.433,0.557,2.58,100.9
ct,3400,none,4650,1.0,0.105,0.105,0.061,0.973,0.449,0.052,0.633,0.77,2.88,102.2
ct,3400,none,4700,1.0,0.223,0.223,0.056,0.983,0.438,0.046,0.629,0.785,2.88,100.4
ct,3400,none,4750,1.0,0.237,0.237,0.067,0.982,0.452,0.078,0.616,0.799,2.93,102.8
ct,3400,none,4800,0.989,0.252,0.252,0.073,0.968,0.446,0.081,0.615,0.792,2.91,103.1
ct,3400,none,4850,0.987,0.161,0.161,0.039,0.982,0.695,0.057,0.805,0.875,3.43,106.7
ct,3400,none,4900,0.991,0.336,0.336,0.022,0.99,0.865,0.056,0.715,0.905,3.54,104.8
ct,3400,none,4950,0.997,0.351,0.351,0.036,0.986,0.884,0.045,0.705,0.929,3.55,102.0
ct,3400,none,5000,0.999,0.449,0.449,0.052,0.98,0.756,0.035,0.722,0.931,3.42,110.0
ct,3400,none,5050,1.0,0.393,0.393,0.094,0.969,0.761,0.032,0.772,0.925,3.46,100.7
ct,3400,none,5100,1.0,0.413,0.413,0.102,0.954,0.756,0.07,0.776,0.874,3.43,101.9
ct,3400,none,5150,1.0,0.4,0.4,0.12,0.957,0.749,0.072,0.772,0.872,3.42,109.1
ct,3400,none,5200,1.0,0.602,0.602,0.081,0.964,0.848,0.049,0.794,0.925,3.58,102.3
ct,3400,none,5250,0.992,0.557,0.557,0.237,0.973,0.911,0.024,0.834,0.948,3.69,114.7
ct,3400,none,5300,0.988,0.535,0.535,0.307,0.969,0.931,0.012,0.847,0.951,3.71,114.2
ct,3400,none,5350,0.989,0.532,0.532,0.325,0.961,0.942,0.008,0.863,0.954,3.73,110.7
ct,3400,none,5400,0.994,0.594,0.594,0.309,0.914,0.879,0.02,0.884,0.927,3.62,105.5
ct,3400,none,5450,0.997,0.586,0.586,0.337,0.899,0.87,0.044,0.899,0.913,3.62,109.8
ct,3400,none,5500,0.998,0.582,0.582,0.341,0.893,0.865,0.052,0.906,0.907,3.62,107.2
ct,3400,none,5550,0.999,0.562,0.562,0.349,0.89,0.861,0.054,0.907,0.897,3.61,104.3
ct,3400,none,5600,1.0,0.602,0.602,0.455,0.855,0.897,0.038,0.84,0.853,3.48,109.2
ct,3400,none,5650,1.0,0.594,0.594,0.518,0.863,0.9,0.031,0.834,0.852,3.48,107.5
ct,3400,none,5700,1.0,0.495,0.495,0.489,0.893,0.815,0.036,0.698,0.733,3.17,102.2
ct,3400,none,5750,1.0,0.471,0.471,0.495,0.909,0.8,0.038,0.676,0.72,3.14,100.7
ct,3400,none,5800,1.0,0.489,0.489,0.532,0.924,0.813,0.037,0.699,0.744,3.22,106.7
ct,3400,none,5850,1.0,0.499,0.499,0.556,0.933,0.824,0.036,0.721,0.766,3.28,106.9
ct,3400,none,5900,1.0,0.416,0.416,0.487,0.956,0.861,0.095,0.642,0.682,3.24,106.1
ct,3400,none,5950,1.0,0.413,0.413,0.491,0.961,0.869,0.104,0.649,0.684,3.27,106.5
ct,3400,none,6000,1.0,0.349,0.349,0.43,0.974,0.819,0.114,0.699,0.607,3.21,105.0
ct,3400,none,6050,1.0,0.36,0.36,0.409,0.978,0.779,0.112,0.702,0.578,3.15,102.4
ct,3400,none,6100,1.0,0.34,0.34,0.375,0.98,0.772,0.164,0.695,0.534,3.14,100.2
ct,3400,none,6150,1.0,0.353,0.353,0.372,0.976,0.763,0.158,0.699,0.541,3.14,104.5
ct,3400,none,6200,1.0,0.298,0.298,0.303,0.98,0.763,0.161,0.678,0.529,3.11,104.5
ct,3400,none,6250,1.0,0.325,0.325,0.282,0.979,0.771,0.178,0.668,0.524,3.12,104.8
ct,3400,none,6300,1.0,0.329,0.329,0.275,0.978,0.772,0.176,0.671,0.527,3.12,102.5
ct,3400,none,6350,1.0,0.349,0.349,0.265,0.964,0.766,0.168,0.683,0.53,3.11,102.5
ct,3400,none,6400,1.0,0.305,0.305,0.231,0.955,0.781,0.212,0.651,0.548,3.15,100.5
ct,3400,none,6450,1.0,0.315,0.315,0.228,0.953,0.787,0.223,0.643,0.547,3.15,100.4
ct,3400,none,6500,1.0,0.295,0.295,0.215,0.954,0.775,0.207,0.669,0.584,3.19,104.2
ct,3400,none,6550,1.0,0.322,0.322,0.204,0.954,0.784,0.199,0.686,0.567,3.19,102.0
ct,3400,none,6600,1.0,0.32,0.32,0.205,0.954,0.788,0.208,0.68,0.579,3.21,102.7
ct,3400,none,6650,1.0,0.323,0.323,0.211,0.953,0.789,0.205,0.684,0.585,3.22,102.8
ct,3400,none,6700,1.0,0.294,0.294,0.192,0.956,0.793,0.201,0.704,0.612,3.27,103.7
ct,3400,none,6750,1.0,0.295,0.295,0.198,0.954,0.793,0.196,0.707,0.619,3.27,103.7
ct,3400,none,6800,1.0,0.297,0.297,0.203,0.953,0.793,0.192,0.71,0.624,3.27,103.7
ct,3400,none,6850,1.0,0.299,0.299,0.208,0.952,0.793,0.188,0.712,0.63,3.27,103.7
ct,3400,none,6900,1.0,0.302,0.302,0.214,0.95,0.793,0.184,0.713,0.634,3.28,103.7
ct,3400,none,6950,1.0,0.318,0.318,0.215,0.949,0.797,0.196,0.702,0.645,3.29,103.9
ct,3400,none,7000,1.0,0.322,0.322,0.22,0.948,0.797,0.193,0.703,0.65,3.29,103.9
ct,3400,none,7050,1.0,0.335,0.335,0.216,0.947,0.8,0.189,0.71,0.663,3.31,95.9
ct,3400,none,7100,1.0,0.339,0.339,0.216,0.945,0.801,0.187,0.714,0.671,3.32,87.6
ct,3400,none,7150,1.0,0.344,0.344,0.217,0.943,0.801,0.184,0.717,0.681,3.33,79.5
ct,3400,none,7200,1.0,0.351,0.351,0.219,0.94,0.802,0.18,0.721,0.691,3.33,71.7
ct,3400,none,7250,1.0,0.36,0.36,0.223,0.937,0.803,0.175,0.725,0.701,3.34,64.2
ct,3400,none,7300,1.0,0.37,0.37,0.227,0.934,0.804,0.17,0.73,0.712,3.35,57.1
ct,3400,none,7350,1.0,0.4,0.4,0.256,0.933,0.811,0.189,0.712,0.732,3.38,51.2
ct,3400,none,7400,1.0,0.417,0.417,0.267,0.93,0.813,0.187,0.712,0.745,3.39,45.0
ct,3400,none,7450,1.0,0.436,0.436,0.279,0.927,0.816,0.186,0.712,0.758,3.4,39.3
ct,3400,none,7500,1.0,0.457,0.457,0.292,0.924,0.819,0.185,0.711,0.771,3.41,34.3
ct,3400,none,7550,1.0,0.479,0.479,0.307,0.921,0.823,0.185,0.71,0.783,3.42,29.8
ct,3400,none,7600,1.0,0.503,0.503,0.321,0.919,0.828,0.185,0.709,0.796,3.44,25.9
