side,lossReward,estimate_level,retained_value,roundStartMoney,nextIfLoseNoSpend,nextIfLoseAfterMedianSpend,nextIfLoseAfterMedianSpendAndPlant,<2000,2000-2999,3000-3499,3500-3999,4000-4499,4500-4999,5000+,effective_n
t,1400,none,none,2550,3950,1750,2350,0.904,0.084,0.013,0.0,0.0,0.0,0.0,24.1
t,1400,none,none,2600,4000,1800,2400,0.866,0.117,0.017,0.0,0.0,0.0,0.0,27.4
t,1400,none,none,2650,4050,1700,2300,0.828,0.157,0.016,0.0,0.0,0.0,0.0,32.4
t,1400,none,none,2700,4100,1750,2350,0.725,0.256,0.019,0.0,0.0,0.0,0.0,34.8
t,1400,none,none,2750,4150,1750,2350,0.766,0.217,0.007,0.01,0.0,0.0,0.0,43.0
t,1400,none,none,2800,4200,1650,2250,0.667,0.316,0.007,0.01,0.0,0.0,0.0,47.9
t,1400,none,none,2850,4250,1700,2300,0.664,0.318,0.008,0.01,0.0,0.0,0.0,49.9
t,1400,none,none,2900,4300,1750,2350,0.651,0.331,0.008,0.01,0.0,0.0,0.0,51.5
t,1400,none,none,2950,4350,1800,2400,0.602,0.366,0.022,0.01,0.0,0.0,0.0,59.6
t,1400,none,none,3000,4400,1850,2450,0.569,0.399,0.023,0.01,0.0,0.0,0.0,62.3
t,1400,none,none,3050,4450,1800,2400,0.648,0.324,0.019,0.008,0.0,0.0,0.0,77.7
t,1400,none,none,3100,4500,1700,2300,0.739,0.232,0.019,0.01,0.0,0.0,0.0,100.6
t,1400,none,none,3150,4550,1450,2050,0.834,0.159,0.006,0.001,0.0,0.0,0.0,102.2
t,1400,none,none,3200,4600,1500,2100,0.823,0.17,0.005,0.001,0.0,0.0,0.0,103.2
t,1400,none,none,3250,4650,1500,2100,0.924,0.076,0.0,0.0,0.0,0.0,0.0,107.7
t,1400,none,none,3300,4700,1450,2050,0.949,0.051,0.0,0.0,0.0,0.0,0.0,102.1
t,1400,none,none,3350,4750,1500,2100,0.938,0.062,0.0,0.0,0.0,0.0,0.0,152.3
t,1400,none,none,3400,4800,1500,2100,0.936,0.064,0.0,0.0,0.0,0.0,0.0,150.0
t,1400,none,none,3450,4850,1550,2150,0.929,0.071,0.0,0.0,0.0,0.0,0.0,124.4
t,1400,none,none,3500,4900,1450,2050,0.954,0.04,0.001,0.006,0.0,0.0,0.0,117.8
t,1400,none,none,3550,4950,1450,2050,0.924,0.061,0.003,0.012,0.0,0.0,0.0,108.1
t,1400,none,none,3600,5000,1500,2100,0.894,0.092,0.002,0.012,0.0,0.0,0.0,161.9
t,1400,none,none,3650,5050,1550,2150,0.942,0.05,0.007,0.0,0.0,0.0,0.0,141.5
t,1400,none,none,3700,5100,1450,2050,0.92,0.073,0.001,0.0,0.006,0.0,0.0,161.6
t,1400,none,none,3750,5150,1450,2050,0.894,0.084,0.018,0.0,0.0,0.004,0.0,129.2
t,1400,none,none,3800,5200,1500,2100,0.91,0.074,0.015,0.0,0.001,0.001,0.0,103.1
t,1400,none,none,3850,5250,1550,2150,0.783,0.181,0.03,0.0,0.007,0.0,0.0,121.3
t,1400,none,none,3900,5300,1500,2100,0.82,0.151,0.014,0.003,0.011,0.0,0.0,126.9
t,1400,none,none,3950,5350,1450,2050,0.846,0.151,0.002,0.0,0.001,0.0,0.0,107.9
t,1400,none,none,4000,5400,1450,2050,0.886,0.075,0.029,0.0,0.01,0.0,0.0,107.3
t,1400,none,none,4050,5450,1500,2100,0.877,0.098,0.019,0.0,0.006,0.0,0.0,103.0
t,1400,none,none,4100,5500,1600,2200,0.816,0.148,0.034,0.0,0.002,0.0,0.0,104.4
t,1400,none,none,4150,5550,1650,2250,0.769,0.179,0.052,0.0,0.001,0.0,0.0,101.7
t,1400,none,none,4200,5600,1600,2200,0.83,0.134,0.022,0.014,0.0,0.0,0.0,103.4
t,1400,none,none,4250,5650,1450,2050,0.868,0.125,0.006,0.001,0.0,0.0,0.0,103.7
t,1400,none,none,4300,5700,1500,2100,0.861,0.132,0.002,0.003,0.002,0.0,0.0,110.8
t,1400,none,none,4350,5750,1550,2150,0.811,0.139,0.014,0.023,0.013,0.0,0.0,109.7
t,1400,none,none,4400,5800,1550,2150,0.804,0.097,0.04,0.036,0.024,0.0,0.0,103.0
t,1400,none,none,4450,5850,1450,2050,0.804,0.085,0.046,0.04,0.025,0.0,0.0,103.7
t,1400,none,none,4500,5900,1500,2100,0.771,0.124,0.051,0.03,0.022,0.003,0.0,104.2
t,1400,none,none,4550,5950,1550,2150,0.765,0.126,0.058,0.025,0.019,0.007,0.0,103.9
t,1400,none,none,4600,6000,1500,2100,0.885,0.054,0.04,0.006,0.008,0.007,0.0,100.0
t,1400,none,none,4650,6050,1450,2050,0.891,0.05,0.039,0.004,0.005,0.012,0.0,100.7
t,1400,none,none,4700,6100,1500,2100,0.902,0.053,0.025,0.004,0.002,0.013,0.0,104.3
t,1400,none,none,4750,6150,1550,2150,0.879,0.064,0.035,0.008,0.002,0.012,0.0,108.1
t,1400,none,none,4800,6200,1500,2100,0.906,0.054,0.025,0.007,0.0,0.0,0.007,102.2
t,1400,none,none,4850,6250,1550,2150,0.878,0.063,0.042,0.011,0.0,0.002,0.004,108.5
t,1400,none,none,4900,6300,1500,2100,0.893,0.048,0.044,0.013,0.0,0.001,0.0,106.7
t,1400,none,none,4950,6350,1550,2150,0.882,0.052,0.052,0.0,0.01,0.005,0.0,110.2
t,1400,none,none,5000,6400,1600,2200,0.866,0.067,0.053,0.0,0.005,0.0,0.01,106.3
t,1400,none,none,5050,6450,1550,2150,0.883,0.051,0.051,0.0,0.002,0.0,0.012,112.8
t,1400,none,none,5100,6500,1600,2200,0.904,0.037,0.048,0.0,0.001,0.0,0.011,112.5
t,1400,none,none,5150,6550,1650,2250,0.912,0.039,0.042,0.001,0.0,0.0,0.006,106.9
t,1400,none,none,5200,6600,1700,2300,0.878,0.073,0.045,0.0,0.0,0.0,0.003,112.1
t,1400,none,none,5250,6650,1750,2350,0.867,0.085,0.045,0.001,0.0,0.0,0.001,104.4
t,1400,none,none,5300,6700,1800,2400,0.861,0.077,0.057,0.002,0.002,0.001,0.001,112.3
t,1400,none,none,5350,6750,1850,2450,0.856,0.08,0.033,0.026,0.004,0.001,0.0,100.4
t,1400,none,none,5400,6800,2000,2600,0.5,0.431,0.029,0.029,0.008,0.004,0.0,104.9
t,1400,none,none,5450,6850,2050,2650,0.482,0.442,0.021,0.023,0.024,0.008,0.0,104.7
t,1400,none,none,5500,6900,2100,2700,0.09,0.809,0.038,0.025,0.026,0.011,0.0,102.5
t,1400,none,none,5550,6950,2150,2750,0.108,0.791,0.042,0.024,0.022,0.013,0.0,103.8
t,1400,none,none,5600,7000,2200,2800,0.13,0.778,0.047,0.019,0.014,0.012,0.0,105.7
t,1400,none,none,5650,7050,2150,2750,0.137,0.78,0.05,0.015,0.007,0.011,0.0,101.6
t,1400,none,none,5700,7100,2200,2800,0.07,0.842,0.054,0.017,0.004,0.012,0.0,109.2
t,1400,none,none,5750,7150,2250,2850,0.069,0.845,0.048,0.022,0.001,0.014,0.001,105.7
t,1400,none,none,5800,7200,2300,2900,0.059,0.848,0.046,0.029,0.001,0.0,0.017,102.6
t,1400,none,none,5850,7250,2350,2950,0.046,0.858,0.042,0.0,0.036,0.0,0.018,100.2
t,1400,none,none,5900,7300,2400,3000,0.031,0.874,0.017,0.02,0.038,0.0,0.019,110.4
t,1400,none,none,5950,7350,2450,3050,0.023,0.885,0.013,0.019,0.039,0.0,0.021,102.4
t,1400,none,none,6000,7400,2500,3100,0.018,0.882,0.025,0.017,0.022,0.012,0.023,107.8
t,1400,none,none,6050,7450,2550,3150,0.032,0.87,0.032,0.015,0.012,0.014,0.025,102.0
t,1400,none,none,6100,7500,2600,3200,0.04,0.866,0.038,0.012,0.013,0.011,0.02,109.7
t,1400,none,none,6150,7550,2650,3250,0.046,0.866,0.04,0.013,0.013,0.007,0.015,108.2
t,1400,none,none,6200,7600,2700,3300,0.035,0.855,0.07,0.013,0.014,0.004,0.009,108.9
t,1400,none,none,6250,7650,2750,3350,0.032,0.874,0.062,0.012,0.014,0.002,0.005,111.1
t,1400,none,none,6300,7700,2800,3400,0.025,0.886,0.052,0.022,0.013,0.001,0.002,112.9
t,1400,none,none,6350,7750,2850,3450,0.019,0.91,0.042,0.013,0.015,0.0,0.001,100.3
t,1400,none,none,6400,7800,2900,3500,0.016,0.563,0.398,0.008,0.014,0.0,0.001,100.7
t,1400,none,none,6450,7850,2950,3550,0.025,0.565,0.39,0.003,0.014,0.0,0.003,101.7
t,1400,none,none,6500,7900,3000,3600,0.019,0.057,0.893,0.013,0.011,0.001,0.007,105.0
t,1400,none,none,6550,7950,3050,3650,0.014,0.053,0.89,0.021,0.008,0.002,0.011,104.2
t,1400,none,none,6600,8000,3100,3700,0.011,0.055,0.871,0.037,0.006,0.006,0.013,103.3
t,1400,none,none,6650,8050,3150,3750,0.025,0.06,0.847,0.04,0.005,0.011,0.013,105.9
t,1400,none,none,6700,8100,3200,3800,0.027,0.018,0.864,0.06,0.002,0.017,0.012,108.2
t,1400,none,none,6750,8150,3250,3850,0.027,0.016,0.872,0.052,0.006,0.017,0.009,107.4
t,1400,none,none,6800,8200,3300,3900,0.026,0.014,0.866,0.059,0.011,0.016,0.007,104.5
t,1400,none,none,6850,8250,3350,3950,0.068,0.014,0.835,0.048,0.017,0.002,0.017,107.0
t,1400,none,none,6900,8300,3400,4000,0.075,0.015,0.524,0.35,0.022,0.002,0.013,100.4
t,1400,none,none,6950,8350,3450,4050,0.086,0.018,0.522,0.336,0.025,0.004,0.009,105.2
t,1400,none,none,7000,8400,3500,4100,0.088,0.007,0.059,0.794,0.039,0.005,0.006,103.0
t,1400,none,none,7050,8450,3550,4150,0.08,0.018,0.057,0.797,0.036,0.007,0.004,101.3
t,1400,none,none,7100,8500,3600,4200,0.078,0.021,0.055,0.802,0.007,0.034,0.004,104.0
t,1400,none,none,7150,8550,3650,4250,0.076,0.024,0.053,0.806,0.005,0.033,0.003,101.1
t,1400,none,none,7200,8600,3700,4300,0.072,0.003,0.035,0.851,0.003,0.018,0.017,103.4
t,1400,none,none,7250,8650,3750,4350,0.067,0.003,0.037,0.857,0.002,0.015,0.019,101.3
t,1400,none,none,7300,8700,3800,4400,0.062,0.004,0.036,0.862,0.002,0.012,0.022,104.8
t,1400,none,none,7350,8750,3850,4450,0.057,0.004,0.036,0.869,0.001,0.009,0.024,103.2
t,1400,none,none,7400,8800,3900,4500,0.052,0.006,0.034,0.598,0.277,0.006,0.026,100.8
t,1400,none,none,7450,8850,3950,4550,0.012,0.045,0.032,0.612,0.266,0.005,0.028,101.7
t,1400,none,none,7500,8900,4000,4600,0.002,0.056,0.019,0.041,0.848,0.004,0.03,101.7
t,1400,none,none,7550,8950,4050,4650,0.0,0.061,0.016,0.042,0.848,0.003,0.03,101.6
t,1400,none,none,7600,9000,4100,4700,0.0,0.063,0.014,0.043,0.848,0.0,0.033,101.9
t,1900,none,none,800,2700,2050,2650,0.131,0.869,0.0,0.0,0.0,0.0,0.0,1450.1
t,1900,none,none,850,2750,2100,2700,0.136,0.864,0.0,0.0,0.0,0.0,0.0,1102.1
t,1900,none,none,900,2800,2150,2750,0.0,1.0,0.0,0.0,0.0,0.0,0.0,408.8
t,1900,none,none,950,2850,2200,2800,0.0,1.0,0.0,0.0,0.0,0.0,0.0,573.6
t,1900,none,none,1000,2900,2250,2850,0.0,1.0,0.0,0.0,0.0,0.0,0.0,863.7
t,1900,none,none,1050,2950,2300,2900,0.0,1.0,0.0,0.0,0.0,0.0,0.0,248.3
t,1900,none,none,1100,3000,2350,2950,0.0,0.992,0.008,0.0,0.0,0.0,0.0,641.5
t,1900,none,none,1150,3050,2400,3000,0.028,0.854,0.118,0.0,0.0,0.0,0.0,184.2
t,1900,none,none,1200,3100,2450,3050,0.052,0.76,0.188,0.0,0.0,0.0,0.0,108.5
t,1900,none,none,1250,3150,2500,3100,0.083,0.736,0.182,0.0,0.0,0.0,0.0,126.4
t,1900,none,none,1300,3200,2500,3100,0.143,0.656,0.202,0.0,0.0,0.0,0.0,111.8
t,1900,none,none,1350,3250,2100,2700,0.43,0.415,0.155,0.0,0.0,0.0,0.0,110.7
t,1900,none,none,1400,3300,2050,2650,0.442,0.392,0.165,0.0,0.0,0.0,0.0,110.6
t,1900,none,none,1450,3350,2000,2600,0.331,0.544,0.124,0.0,0.0,0.0,0.0,103.4
t,1900,none,none,1500,3400,2050,2650,0.421,0.459,0.121,0.0,0.0,0.0,0.0,100.6
t,1900,none,none,1550,3450,2050,2650,0.182,0.704,0.114,0.0,0.0,0.0,0.0,102.1
t,1900,none,none,1600,3500,2050,2650,0.1,0.758,0.021,0.121,0.0,0.0,0.0,103.7
t,1900,none,none,1650,3550,2100,2700,0.261,0.602,0.022,0.115,0.0,0.0,0.0,110.2
t,1900,none,none,1700,3600,2100,2700,0.425,0.436,0.024,0.115,0.0,0.0,0.0,103.0
t,1900,none,none,1750,3650,2000,2600,0.265,0.564,0.028,0.143,0.0,0.0,0.0,104.8
t,1900,none,none,1800,3700,2000,2600,0.34,0.487,0.043,0.13,0.0,0.0,0.0,101.1
t,1900,none,none,1850,3750,2050,2650,0.393,0.396,0.049,0.163,0.0,0.0,0.0,104.2
t,1900,none,none,1900,3800,2100,2700,0.102,0.61,0.021,0.267,0.0,0.0,0.0,102.3
t,1900,none,none,1950,3850,2150,2750,0.027,0.595,0.022,0.357,0.0,0.0,0.0,107.0
t,1900,none,none,2000,3900,2100,2700,0.35,0.303,0.025,0.321,0.0,0.0,0.0,107.1
t,1900,none,none,2050,3950,2100,2700,0.439,0.212,0.018,0.331,0.0,0.0,0.0,108.0
t,1900,none,none,2100,4000,2100,2700,0.09,0.539,0.02,0.033,0.318,0.0,0.0,103.3
t,1900,none,none,2150,4050,2200,2800,0.033,0.548,0.024,0.047,0.348,0.0,0.0,103.5
t,1900,none,none,2200,4100,2100,2700,0.199,0.401,0.027,0.054,0.318,0.0,0.0,110.0
t,1900,none,none,2250,4150,2300,2900,0.27,0.302,0.05,0.058,0.319,0.0,0.0,111.8
t,1900,none,none,2300,4200,2200,2800,0.145,0.435,0.026,0.081,0.313,0.0,0.0,106.9
t,1900,none,none,2350,4250,2550,3150,0.157,0.401,0.022,0.1,0.32,0.0,0.0,102.2
t,1900,none,none,2400,4300,2250,2850,0.226,0.353,0.026,0.077,0.318,0.0,0.0,101.6
t,1900,none,none,2450,4350,2200,2800,0.233,0.327,0.034,0.092,0.313,0.0,0.0,105.6
t,1900,none,none,2500,4400,2200,2800,0.102,0.458,0.027,0.094,0.32,0.0,0.0,101.4
t,1900,none,none,2550,4450,2450,3050,0.107,0.453,0.021,0.105,0.313,0.0,0.0,104.2
t,1900,none,none,2600,4500,2250,2850,0.213,0.391,0.015,0.087,0.091,0.202,0.0,104.5
t,1900,none,none,2650,4550,2350,2950,0.208,0.374,0.025,0.094,0.107,0.192,0.0,109.5
t,1900,none,none,2700,4600,2600,3200,0.093,0.471,0.034,0.098,0.124,0.178,0.0,103.4
t,1900,none,none,2750,4650,2650,3250,0.214,0.359,0.045,0.111,0.125,0.145,0.0,103.6
t,1900,none,none,2800,4700,2500,3100,0.263,0.307,0.084,0.074,0.155,0.117,0.0,102.4
t,1900,none,none,2850,4750,2700,3300,0.175,0.384,0.103,0.095,0.132,0.111,0.0,109.3
t,1900,none,none,2900,4800,2800,3400,0.058,0.461,0.127,0.1,0.089,0.165,0.0,101.5
t,1900,none,none,2950,4850,2850,3450,0.052,0.455,0.146,0.087,0.11,0.149,0.0,106.3
t,1900,none,none,3000,4900,2900,3500,0.113,0.404,0.14,0.083,0.12,0.14,0.0,104.7
t,1900,none,none,3050,4950,2950,3550,0.098,0.421,0.073,0.138,0.137,0.132,0.0,105.5
t,1900,none,none,3100,5000,2400,3000,0.218,0.34,0.088,0.087,0.152,0.02,0.094,100.3
t,1900,none,none,3150,5050,2450,3050,0.289,0.274,0.108,0.09,0.143,0.023,0.073,106.8
t,1900,none,none,3200,5100,2500,3100,0.087,0.455,0.14,0.094,0.135,0.032,0.056,106.3
t,1900,none,none,3250,5150,2950,3550,0.091,0.421,0.123,0.147,0.145,0.031,0.042,106.4
t,1900,none,none,3300,5200,2100,2700,0.285,0.272,0.121,0.16,0.03,0.109,0.023,103.1
t,1900,none,none,3350,5250,2150,2750,0.289,0.277,0.107,0.178,0.029,0.105,0.017,106.8
t,1900,none,none,3400,5300,2200,2800,0.138,0.456,0.075,0.187,0.037,0.079,0.028,105.5
t,1900,none,none,3450,5350,2250,2850,0.103,0.481,0.058,0.208,0.045,0.075,0.029,103.9
t,1900,none,none,3500,5400,2100,2700,0.261,0.397,0.054,0.155,0.055,0.053,0.024,104.8
t,1900,none,none,3550,5450,2150,2750,0.3,0.347,0.059,0.116,0.103,0.047,0.029,100.2
t,1900,none,none,3600,5500,2250,2850,0.049,0.587,0.054,0.122,0.056,0.093,0.038,104.3
t,1900,none,none,3650,5550,2300,2900,0.068,0.557,0.042,0.128,0.066,0.09,0.049,100.6
t,1900,none,none,3700,5600,2100,2700,0.349,0.375,0.021,0.103,0.046,0.06,0.045,101.4
t,1900,none,none,3750,5650,2150,2750,0.361,0.345,0.038,0.091,0.047,0.067,0.053,104.0
t,1900,none,none,3800,5700,2200,2800,0.084,0.612,0.043,0.093,0.047,0.057,0.064,105.7
t,1900,none,none,3850,5750,2200,2800,0.104,0.579,0.044,0.06,0.086,0.061,0.066,102.3
t,1900,none,none,3900,5800,2100,2700,0.315,0.442,0.041,0.037,0.07,0.047,0.048,102.6
t,1900,none,none,3950,5850,2150,2750,0.385,0.374,0.037,0.04,0.065,0.055,0.045,100.5
t,1900,none,none,4000,5900,2000,2600,0.416,0.426,0.02,0.03,0.042,0.042,0.023,108.4
t,1900,none,none,4050,5950,2000,2600,0.485,0.377,0.016,0.029,0.021,0.053,0.019,105.9
t,1900,none,none,4100,6000,2000,2600,0.022,0.842,0.013,0.029,0.001,0.066,0.028,103.5
t,1900,none,none,4150,6050,2100,2700,0.0,0.845,0.011,0.032,0.001,0.065,0.046,104.8
t,1900,none,none,4200,6100,2100,2700,0.341,0.551,0.0,0.019,0.007,0.037,0.046,103.5
t,1900,none,none,4250,6150,2150,2750,0.448,0.425,0.0,0.024,0.004,0.045,0.054,101.2
t,1900,none,none,4300,6200,2000,2600,0.154,0.717,0.005,0.024,0.003,0.045,0.052,102.4
t,1900,none,none,4350,6250,2050,2650,0.156,0.713,0.005,0.024,0.005,0.045,0.053,105.0
t,1900,none,none,4400,6300,2000,2600,0.461,0.462,0.001,0.0,0.016,0.028,0.032,107.5
t,1900,none,none,4450,6350,1950,2550,0.6,0.342,0.0,0.0,0.014,0.009,0.035,103.0
t,1900,none,none,4500,6400,2000,2600,0.026,0.924,0.0,0.0,0.015,0.0,0.034,102.9
t,1900,none,none,4550,6450,2050,2650,0.034,0.913,0.002,0.0,0.018,0.0,0.032,101.1
t,1900,none,none,4600,6500,2000,2600,0.498,0.486,0.0,0.0,0.012,0.0,0.004,102.8
t,1900,none,none,4650,6550,1950,2550,0.593,0.388,0.0,0.0,0.013,0.0,0.006,106.3
t,1900,none,none,4700,6600,2000,2600,0.131,0.851,0.0,0.0,0.012,0.0,0.007,101.0
t,1900,none,none,4750,6650,2050,2650,0.171,0.803,0.0,0.0,0.01,0.0,0.016,103.9
t,1900,none,none,4800,6700,2000,2600,0.371,0.574,0.034,0.0,0.0,0.004,0.017,108.3
t,1900,none,none,4850,6750,2050,2650,0.461,0.462,0.048,0.0,0.001,0.002,0.026,108.7
t,1900,none,none,4900,6800,2000,2600,0.322,0.604,0.047,0.0,0.001,0.0,0.027,103.5
t,1900,none,none,4950,6850,2050,2650,0.404,0.51,0.053,0.0,0.0,0.002,0.031,103.6
t,1900,none,none,5000,6900,2100,2700,0.0,0.914,0.051,0.001,0.0,0.007,0.027,109.6
t,1900,none,none,5050,6950,2150,2750,0.0,0.92,0.043,0.003,0.0,0.012,0.021,100.9
t,1900,none,none,5100,7000,2100,2700,0.089,0.834,0.043,0.007,0.0,0.014,0.012,103.1
t,1900,none,none,5150,7050,2150,2750,0.116,0.817,0.033,0.012,0.0,0.014,0.008,100.7
t,1900,none,none,5200,7100,2200,2800,0.024,0.909,0.031,0.013,0.0,0.012,0.01,105.9
t,1900,none,none,5250,7150,2250,2850,0.028,0.902,0.032,0.012,0.0,0.005,0.021,107.8
t,1900,none,none,5300,7200,2300,2900,0.0,0.928,0.017,0.025,0.0,0.003,0.026,102.4
t,1900,none,none,5350,7250,2350,2950,0.0,0.93,0.019,0.017,0.006,0.002,0.026,107.0
t,1900,none,none,5400,7300,2400,3000,0.049,0.888,0.02,0.01,0.01,0.001,0.022,104.9
t,1900,none,none,5450,7350,2450,3050,0.052,0.891,0.02,0.004,0.015,0.001,0.017,107.0
t,1900,none,none,5500,7400,2500,3100,0.014,0.926,0.015,0.016,0.015,0.002,0.012,101.9
t,1900,none,none,5550,7450,2550,3150,0.013,0.929,0.018,0.015,0.013,0.005,0.008,106.1
t,1900,none,none,5600,7500,2600,3200,0.03,0.915,0.01,0.022,0.011,0.008,0.004,105.1
t,1900,none,none,5650,7550,2650,3250,0.031,0.913,0.013,0.022,0.008,0.011,0.002,102.8
t,1900,none,none,5700,7600,2700,3300,0.026,0.913,0.018,0.024,0.005,0.013,0.001,102.1
t,1900,none,none,5750,7650,2750,3350,0.027,0.912,0.019,0.025,0.003,0.013,0.001,106.1
t,1900,none,none,5800,7700,2800,3400,0.0,0.929,0.03,0.026,0.002,0.013,0.0,102.5
t,1900,none,none,5850,7750,2850,3450,0.0,0.93,0.033,0.025,0.0,0.012,0.0,105.2
t,1900,none,none,5900,7800,2900,3500,0.013,0.569,0.386,0.023,0.0,0.009,0.0,102.5
t,1900,none,none,5950,7850,2950,3550,0.026,0.558,0.389,0.02,0.0,0.0,0.006,100.1
t,1900,none,none,6000,7900,3000,3600,0.014,0.175,0.769,0.026,0.012,0.0,0.005,103.2
t,1900,none,none,6050,7950,3050,3650,0.025,0.174,0.758,0.031,0.009,0.0,0.003,102.4
t,1900,none,none,6100,8000,3100,3700,0.027,0.167,0.764,0.031,0.01,0.0,0.002,106.4
t,1900,none,none,6150,8050,3150,3750,0.0,0.189,0.769,0.033,0.007,0.0,0.001,104.5
t,1900,none,none,6200,8100,3200,3800,0.0,0.066,0.892,0.036,0.005,0.0,0.001,103.0
t,1900,none,none,6250,8150,3250,3850,0.029,0.059,0.871,0.036,0.005,0.0,0.0,102.9
t,1900,none,none,6300,8200,3300,3900,0.028,0.053,0.856,0.058,0.005,0.0,0.0,101.0
t,1900,none,none,6350,8250,3350,3950,0.0,0.075,0.86,0.058,0.007,0.0,0.0,103.8
t,1900,none,none,6400,8300,3400,4000,0.0,0.069,0.56,0.362,0.009,0.0,0.0,100.4
t,1900,none,none,6450,8350,3450,4050,0.072,0.06,0.524,0.334,0.01,0.0,0.0,102.5
t,1900,none,none,6500,8400,3500,4100,0.073,0.045,0.147,0.709,0.026,0.0,0.0,103.8
t,1900,none,none,6550,8450,3550,4150,0.0,0.116,0.146,0.714,0.025,0.0,0.0,101.2
t,1900,none,none,6600,8500,3600,4200,0.0,0.11,0.141,0.724,0.008,0.016,0.0,103.6
t,1900,none,none,6650,8550,3650,4250,0.021,0.103,0.132,0.72,0.006,0.018,0.001,103.8
t,1900,none,none,6700,8600,3700,4300,0.025,0.071,0.042,0.824,0.017,0.02,0.001,101.7
t,1900,none,none,6750,8650,3750,4350,0.0,0.089,0.04,0.832,0.016,0.021,0.003,103.3
t,1900,none,none,6800,8700,3800,4400,0.0,0.081,0.029,0.838,0.026,0.021,0.004,104.1
t,1900,none,none,6850,8750,3850,4450,0.095,0.066,0.026,0.765,0.021,0.02,0.006,102.4
t,1900,none,none,6900,8800,3900,4500,0.105,0.057,0.026,0.456,0.329,0.02,0.008,103.3
t,1900,none,none,6950,8850,3950,4550,0.0,0.161,0.028,0.455,0.327,0.018,0.01,104.8
t,1900,none,none,7000,8900,4000,4600,0.01,0.159,0.026,0.07,0.706,0.017,0.011,102.9
t,1900,none,none,7050,8950,4050,4650,0.012,0.153,0.033,0.064,0.709,0.016,0.013,100.7
t,1900,none,none,7100,9000,4100,4700,0.0,0.168,0.022,0.071,0.712,0.0,0.027,103.3
t,1900,none,none,7150,9050,4150,4750,0.0,0.171,0.019,0.069,0.714,0.001,0.026,101.4
t,1900,none,none,7200,9100,4200,4800,0.012,0.174,0.003,0.047,0.725,0.016,0.023,100.4
t,1900,none,none,7250,9150,4250,4850,0.013,0.181,0.002,0.049,0.718,0.016,0.021,102.3
t,1900,none,none,7300,9200,4300,4900,0.0,0.202,0.002,0.051,0.697,0.03,0.018,100.1
t,1900,none,none,7350,9250,4350,4950,0.013,0.207,0.001,0.051,0.682,0.03,0.015,103.8
t,1900,none,none,7400,9300,4400,5000,0.016,0.214,0.001,0.039,0.424,0.294,0.013,102.4
t,1900,none,none,7450,9350,4450,5050,0.0,0.239,0.0,0.04,0.414,0.296,0.01,101.3
t,1900,none,none,7500,9400,4500,5100,0.001,0.246,0.0,0.021,0.041,0.674,0.015,100.8
t,1900,none,none,7550,9450,4550,5150,0.001,0.237,0.014,0.021,0.04,0.671,0.015,100.5
t,1900,none,none,7600,9500,4600,5200,0.0,0.242,0.013,0.014,0.047,0.668,0.015,100.3
t,2400,none,none,800,3200,3200,3800,0.0,0.027,0.973,0.0,0.0,0.0,0.0,118.7
t,2400,none,none,850,3250,3250,3850,0.0,0.024,0.976,0.0,0.0,0.0,0.0,109.3
t,2400,none,none,900,3300,3300,3900,0.0,0.013,0.987,0.0,0.0,0.0,0.0,129.8
t,2400,none,none,950,3350,3350,3950,0.0,0.012,0.988,0.0,0.0,0.0,0.0,126.1
t,2400,none,none,1000,3400,3400,4000,0.0,0.007,0.993,0.0,0.0,0.0,0.0,147.0
t,2400,none,none,1050,3450,3450,4050,0.0,0.007,0.993,0.0,0.0,0.0,0.0,146.0
t,2400,none,none,1100,3500,3500,4100,0.0,0.007,0.021,0.973,0.0,0.0,0.0,146.0
t,2400,none,none,1150,3550,3550,4150,0.0,0.014,0.02,0.966,0.0,0.0,0.0,147.0
t,2400,none,none,1200,3600,3600,4200,0.0,0.02,0.02,0.959,0.0,0.0,0.0,148.0
t,2400,none,none,1250,3650,3650,4250,0.0,0.02,0.02,0.959,0.0,0.0,0.0,148.0
t,2400,none,none,1300,3700,3700,4300,0.0,0.014,0.02,0.966,0.0,0.0,0.0,148.0
t,2400,none,none,1350,3750,3750,4350,0.0,0.014,0.02,0.966,0.0,0.0,0.0,148.0
t,2400,none,none,1400,3800,3800,4400,0.0,0.014,0.014,0.973,0.0,0.0,0.0,148.0
t,2400,none,none,1450,3850,3850,4450,0.0,0.014,0.014,0.973,0.0,0.0,0.0,148.0
t,2400,none,none,1500,3900,3900,4500,0.0,0.014,0.007,0.98,0.0,0.0,0.0,148.0
t,2400,none,none,1550,3950,3950,4550,0.0,0.014,0.007,0.98,0.0,0.0,0.0,148.0
t,2400,none,none,1600,4000,4000,4600,0.0,0.014,0.007,0.02,0.959,0.0,0.0,148.0
t,2400,none,none,1650,4050,4050,4650,0.0,0.014,0.007,0.02,0.959,0.0,0.0,148.0
t,2400,none,none,1700,4100,4100,4700,0.0,0.033,0.007,0.02,0.94,0.0,0.0,151.0
t,2400,none,none,1750,4150,4150,4750,0.0,0.033,0.013,0.02,0.934,0.0,0.0,152.0
t,2400,none,none,1800,4200,4200,4800,0.0,0.063,0.013,0.019,0.905,0.0,0.0,158.0
t,2400,none,none,1850,4250,4250,4850,0.0,0.098,0.012,0.018,0.872,0.0,0.0,164.0
t,2400,none,none,1900,4300,4300,4900,0.0,0.108,0.012,0.012,0.869,0.0,0.0,174.5
t,2400,none,none,1950,4350,4350,4950,0.0,0.092,0.002,0.002,0.905,0.0,0.0,128.3
t,2400,none,none,2000,4400,4400,5000,0.0,0.171,0.011,0.018,0.8,0.0,0.0,211.0
t,2400,none,none,2050,4450,4450,5050,0.0,0.208,0.006,0.025,0.761,0.0,0.0,375.2
t,2400,none,none,2100,4500,4500,5100,0.0,0.198,0.005,0.018,0.064,0.715,0.0,308.6
t,2400,none,none,2150,4550,4550,5150,0.0,0.117,0.01,0.035,0.103,0.736,0.0,118.0
t,2400,none,none,2200,4600,4600,5200,0.0,0.144,0.012,0.079,0.11,0.655,0.0,114.4
t,2400,none,none,2250,4650,4650,5250,0.0,0.136,0.006,0.114,0.131,0.613,0.0,121.6
t,2400,none,none,2300,4700,4700,5300,0.0,0.137,0.014,0.0,0.216,0.633,0.0,122.3
t,2400,none,none,2350,4750,4550,5150,0.0,0.113,0.01,0.0,0.315,0.563,0.0,112.7
t,2400,none,none,2400,4800,4600,5200,0.0,0.12,0.027,0.001,0.198,0.654,0.0,142.7
t,2400,none,none,2450,4850,4550,5150,0.0,0.174,0.02,0.025,0.251,0.531,0.0,134.8
t,2400,none,none,2500,4900,4200,4800,0.0,0.259,0.024,0.03,0.244,0.443,0.0,107.7
t,2400,none,none,2550,4950,4250,4850,0.0,0.287,0.019,0.052,0.187,0.455,0.0,106.5
t,2400,none,none,2600,5000,3000,3600,0.0,0.479,0.038,0.026,0.181,0.117,0.159,153.5
t,2400,none,none,2650,5050,2600,3200,0.0,0.597,0.039,0.008,0.158,0.087,0.111,135.3
t,2400,none,none,2700,5100,3400,4000,0.0,0.46,0.056,0.0,0.191,0.118,0.174,103.8
t,2400,none,none,2750,5150,4450,5050,0.0,0.387,0.055,0.006,0.231,0.153,0.168,109.8
t,2400,none,none,2800,5200,4400,5000,0.0,0.375,0.059,0.023,0.046,0.35,0.147,105.6
t,2400,none,none,2850,5250,4250,4850,0.0,0.384,0.066,0.034,0.049,0.347,0.12,113.1
t,2400,none,none,2900,5300,3100,3700,0.0,0.494,0.05,0.046,0.033,0.223,0.154,123.2
t,2400,none,none,2950,5350,2750,3350,0.0,0.568,0.03,0.034,0.044,0.17,0.154,117.3
t,2400,none,none,3000,5400,3400,4000,0.0,0.485,0.031,0.049,0.071,0.2,0.165,114.7
t,2400,none,none,3050,5450,4100,4700,0.0,0.37,0.044,0.057,0.101,0.251,0.178,109.2
t,2400,none,none,3100,5500,4150,4750,0.0,0.418,0.018,0.057,0.102,0.213,0.193,124.3
t,2400,none,none,3150,5550,3750,4350,0.0,0.46,0.013,0.045,0.106,0.185,0.191,116.5
t,2400,none,none,3200,5600,3400,4000,0.0,0.482,0.023,0.046,0.103,0.156,0.19,110.3
t,2400,none,none,3250,5650,3450,4050,0.0,0.482,0.034,0.055,0.086,0.155,0.187,100.5
t,2400,none,none,3300,5700,3000,3600,0.0,0.493,0.021,0.104,0.07,0.079,0.232,100.4
t,2400,none,none,3350,5750,3550,4150,0.0,0.423,0.031,0.134,0.11,0.082,0.219,102.7
t,2400,none,none,3400,5800,3750,4350,0.0,0.349,0.049,0.143,0.169,0.068,0.222,106.4
t,2400,none,none,3450,5850,4000,4600,0.0,0.304,0.038,0.157,0.165,0.126,0.209,105.4
t,2400,none,none,3500,5900,3700,4300,0.0,0.414,0.023,0.147,0.164,0.104,0.149,102.7
t,2400,none,none,3550,5950,3600,4200,0.0,0.464,0.025,0.136,0.128,0.12,0.128,106.7
t,2400,none,none,3600,6000,3600,4200,0.0,0.469,0.028,0.115,0.162,0.09,0.135,105.9
t,2400,none,none,3650,6050,3650,4250,0.0,0.456,0.033,0.11,0.193,0.083,0.125,102.2
t,2400,none,none,3700,6100,2750,3350,0.0,0.539,0.033,0.107,0.173,0.058,0.09,107.5
t,2400,none,none,3750,6150,2700,3300,0.0,0.548,0.034,0.114,0.132,0.091,0.081,100.5
t,2400,none,none,3800,6200,2700,3300,0.0,0.576,0.031,0.082,0.148,0.087,0.075,104.8
t,2400,none,none,3850,6250,2750,3350,0.0,0.57,0.034,0.087,0.138,0.095,0.076,106.5
t,2400,none,none,3900,6300,2600,3200,0.0,0.686,0.023,0.06,0.108,0.073,0.049,103.5
t,2400,none,none,3950,6350,2650,3250,0.0,0.678,0.037,0.057,0.086,0.09,0.052,101.6
t,2400,none,none,4000,6400,2500,3100,0.0,0.797,0.025,0.035,0.056,0.056,0.031,104.2
t,2400,none,none,4050,6450,2550,3150,0.0,0.785,0.04,0.027,0.057,0.056,0.036,102.2
t,2400,none,none,4100,6500,2600,3200,0.0,0.769,0.049,0.015,0.059,0.063,0.045,104.3
t,2400,none,none,4150,6550,2650,3250,0.0,0.761,0.05,0.019,0.057,0.064,0.049,100.6
t,2400,none,none,4200,6600,2600,3200,0.0,0.841,0.033,0.012,0.031,0.043,0.04,104.7
t,2400,none,none,4250,6650,2650,3250,0.0,0.841,0.033,0.016,0.033,0.039,0.038,104.6
t,2400,none,none,4300,6700,2500,3100,0.0,0.844,0.045,0.022,0.009,0.047,0.033,103.8
t,2400,none,none,4350,6750,2550,3150,0.0,0.84,0.043,0.026,0.015,0.031,0.045,103.0
t,2400,none,none,4400,6800,2500,3100,0.0,0.913,0.022,0.012,0.019,0.013,0.02,101.9
t,2400,none,none,4450,6850,2550,3150,0.0,0.909,0.019,0.02,0.022,0.014,0.016,101.9
t,2400,none,none,4500,6900,2500,3100,0.0,0.813,0.108,0.026,0.024,0.014,0.015,101.9
t,2400,none,none,4550,6950,2550,3150,0.0,0.811,0.097,0.037,0.024,0.013,0.019,104.4
t,2400,none,none,4600,7000,2600,3200,0.0,0.88,0.055,0.029,0.019,0.009,0.008,103.5
t,2400,none,none,4650,7050,2650,3250,0.0,0.886,0.05,0.018,0.027,0.008,0.011,100.2
t,2400,none,none,4700,7100,2500,3100,0.0,0.91,0.036,0.014,0.022,0.006,0.012,104.7
t,2400,none,none,4750,7150,2550,3150,0.0,0.91,0.036,0.003,0.031,0.005,0.015,103.7
t,2400,none,none,4800,7200,2500,3100,0.0,0.954,0.013,0.003,0.016,0.0,0.014,103.2
t,2400,none,none,4850,7250,2550,3150,0.0,0.956,0.009,0.006,0.012,0.003,0.015,101.1
t,2400,none,none,4900,7300,2500,3100,0.0,0.961,0.011,0.006,0.007,0.001,0.013,102.7
t,2400,none,none,4950,7350,2550,3150,0.0,0.958,0.009,0.009,0.011,0.001,0.011,102.5
t,2400,none,none,5000,7400,2600,3200,0.0,0.937,0.023,0.013,0.017,0.001,0.01,102.4
t,2400,none,none,5050,7450,2650,3250,0.0,0.931,0.019,0.017,0.024,0.0,0.008,102.5
t,2400,none,none,5100,7500,2700,3300,0.0,0.913,0.031,0.02,0.03,0.0,0.006,105.1
t,2400,none,none,5150,7550,2750,3350,0.0,0.904,0.03,0.024,0.038,0.0,0.005,104.0
t,2400,none,none,5200,7600,2800,3400,0.0,0.871,0.052,0.028,0.019,0.027,0.004,100.7
t,2400,none,none,5250,7650,2850,3450,0.0,0.864,0.051,0.032,0.011,0.038,0.003,100.4
t,2400,none,none,5300,7700,2900,3500,0.0,0.824,0.086,0.001,0.048,0.038,0.003,103.9
t,2400,none,none,5350,7750,2950,3550,0.0,0.816,0.089,0.001,0.053,0.038,0.004,103.4
t,2400,none,none,5400,7800,3000,3600,0.0,0.417,0.483,0.002,0.056,0.037,0.004,101.0
t,2400,none,none,5450,7850,3050,3650,0.0,0.418,0.479,0.003,0.044,0.05,0.005,101.4
t,2400,none,none,5500,7900,3100,3700,0.0,0.144,0.727,0.027,0.046,0.048,0.007,102.1
t,2400,none,none,5550,7950,3150,3750,0.0,0.143,0.724,0.03,0.048,0.047,0.009,103.2
t,2400,none,none,5600,8000,3200,3800,0.0,0.146,0.71,0.037,0.05,0.046,0.011,100.7
t,2400,none,none,5650,8050,3250,3850,0.0,0.145,0.706,0.041,0.051,0.044,0.013,102.1
t,2400,none,none,5700,8100,3300,3900,0.0,0.109,0.734,0.055,0.049,0.025,0.028,103.0
t,2400,none,none,5750,8150,3350,3950,0.0,0.113,0.725,0.059,0.049,0.011,0.043,103.7
t,2400,none,none,5800,8200,3400,4000,0.0,0.12,0.703,0.071,0.008,0.054,0.044,100.5
t,2400,none,none,5850,8250,3450,4050,0.0,0.123,0.693,0.077,0.01,0.051,0.045,100.9
t,2400,none,none,5900,8300,3500,4100,0.0,0.14,0.335,0.406,0.026,0.048,0.045,101.5
t,2400,none,none,5950,8350,3550,4150,0.0,0.143,0.331,0.404,0.03,0.038,0.055,101.3
t,2400,none,none,6000,8400,3600,4200,0.0,0.105,0.135,0.601,0.067,0.037,0.055,100.9
t,2400,none,none,6050,8450,3650,4250,0.0,0.124,0.136,0.579,0.07,0.035,0.055,94.5
t,2400,none,none,6100,8500,3600,4200,0.0,0.161,0.134,0.544,0.056,0.051,0.054,88.9
t,2400,none,none,6150,8550,3650,4250,0.0,0.167,0.138,0.531,0.058,0.052,0.054,82.4
t,2400,none,none,6200,8600,3700,4300,0.0,0.153,0.068,0.606,0.065,0.053,0.055,76.4
t,2400,none,none,6250,8650,3750,4350,0.0,0.189,0.07,0.572,0.064,0.052,0.053,72.3
t,2400,none,none,6300,8700,3800,4400,0.0,0.145,0.138,0.546,0.066,0.029,0.076,67.9
t,2400,none,none,6350,8750,3850,4450,0.0,0.151,0.139,0.537,0.067,0.032,0.074,63.3
t,2400,none,none,6400,8800,3900,4500,0.0,0.155,0.14,0.265,0.308,0.059,0.072,59.2
t,2400,none,none,6450,8850,3950,4550,0.0,0.159,0.141,0.261,0.306,0.063,0.07,55.4
t,2400,none,none,6500,8900,4000,4600,0.0,0.169,0.091,0.154,0.413,0.107,0.066,52.8
t,2400,none,none,6550,8950,4050,4650,0.0,0.172,0.087,0.159,0.406,0.113,0.064,49.7
t,2400,none,none,6600,9000,4100,4700,0.0,0.173,0.082,0.164,0.399,0.07,0.111,46.9
t,2400,none,none,6650,9050,4150,4750,0.0,0.179,0.097,0.164,0.382,0.07,0.11,45.1
t,2400,none,none,6700,9100,4200,4800,0.0,0.143,0.102,0.094,0.478,0.071,0.111,42.7
t,2400,none,none,6750,9150,4250,4850,0.0,0.145,0.095,0.095,0.478,0.073,0.113,40.5
t,2400,none,none,6800,9200,4300,4900,0.0,0.146,0.062,0.122,0.48,0.074,0.115,38.4
t,2400,none,none,6850,9250,4350,4950,0.0,0.195,0.098,0.106,0.43,0.067,0.105,38.9
t,2400,none,none,6900,9300,4400,5000,0.0,0.184,0.112,0.102,0.2,0.279,0.123,36.9
t,2400,none,none,6950,9350,4450,5050,0.0,0.197,0.104,0.097,0.198,0.282,0.122,35.3
t,2400,none,none,7000,9400,4500,5100,0.0,0.206,0.092,0.038,0.16,0.332,0.173,33.6
t,2400,none,none,7050,9450,4550,5150,0.0,0.215,0.085,0.034,0.158,0.335,0.173,32.0
t,2400,none,none,7100,9500,4600,5200,0.0,0.198,0.104,0.03,0.156,0.34,0.172,30.5
t,2400,none,none,7150,9550,4650,5250,0.0,0.208,0.086,0.036,0.152,0.347,0.17,29.2
t,2400,none,none,7200,9600,4700,5300,0.0,0.217,0.065,0.031,0.065,0.453,0.168,28.0
t,2400,none,none,7250,9650,4750,5350,0.0,0.194,0.092,0.027,0.061,0.461,0.165,26.7
t,2400,none,none,7300,9700,4800,5400,0.0,0.204,0.085,0.019,0.06,0.471,0.161,25.5
t,2400,none,none,7350,9750,4850,5450,0.0,0.214,0.056,0.037,0.054,0.482,0.156,24.3
t,2400,none,none,7400,9800,4900,5500,0.0,0.224,0.044,0.04,0.049,0.23,0.414,23.1
t,2400,none,none,7450,9850,4950,5550,0.0,0.053,0.221,0.034,0.043,0.241,0.408,21.7
t,2400,none,none,7500,9900,5000,5600,0.0,0.065,0.216,0.027,0.009,0.1,0.582,20.4
t,2900,none,none,800,3700,3000,3600,0.0,0.005,0.792,0.203,0.0,0.0,0.0,102.8
t,2900,none,none,850,3750,3050,3650,0.0,0.005,0.792,0.203,0.0,0.0,0.0,100.4
t,2900,none,none,900,3800,3100,3700,0.0,0.002,0.686,0.312,0.0,0.0,0.0,102.7
t,2900,none,none,950,3850,3150,3750,0.0,0.02,0.674,0.306,0.0,0.0,0.0,101.8
t,2900,none,none,1000,3900,3200,3800,0.0,0.032,0.653,0.315,0.0,0.0,0.0,100.3
t,2900,none,none,1050,3950,3250,3850,0.0,0.014,0.671,0.315,0.0,0.0,0.0,102.5
t,2900,none,none,1100,4000,3300,3900,0.0,0.0,0.642,0.174,0.183,0.0,0.0,104.8
t,2900,none,none,1150,4050,3350,3950,0.0,0.006,0.639,0.174,0.182,0.0,0.0,103.2
t,2900,none,none,1200,4100,3400,4000,0.0,0.006,0.619,0.194,0.181,0.0,0.0,100.5
t,2900,none,none,1250,4150,3450,4050,0.0,0.0,0.624,0.194,0.182,0.0,0.0,103.1
t,2900,none,none,1300,4200,3500,4100,0.0,0.0,0.044,0.762,0.194,0.0,0.0,100.5
t,2900,none,none,1350,4250,3550,4150,0.0,0.001,0.044,0.761,0.195,0.0,0.0,103.5
t,2900,none,none,1400,4300,3600,4200,0.0,0.0,0.039,0.66,0.3,0.0,0.0,100.8
t,2900,none,none,1450,4350,3650,4250,0.0,0.0,0.04,0.66,0.3,0.0,0.0,104.0
t,2900,none,none,1500,4400,3700,4300,0.0,0.0,0.038,0.649,0.313,0.0,0.0,101.3
t,2900,none,none,1550,4450,3750,4350,0.0,0.0,0.021,0.666,0.313,0.0,0.0,104.8
t,2900,none,none,1600,4500,3800,4400,0.0,0.0,0.007,0.638,0.174,0.181,0.0,102.3
t,2900,none,none,1650,4550,3850,4450,0.0,0.0,0.007,0.637,0.173,0.182,0.0,106.2
t,2900,none,none,1700,4600,3900,4500,0.0,0.0,0.007,0.618,0.194,0.182,0.0,103.8
t,2900,none,none,1750,4650,3950,4550,0.0,0.0,0.001,0.624,0.194,0.181,0.0,101.3
t,2900,none,none,1800,4700,4000,4600,0.0,0.0,0.001,0.044,0.76,0.195,0.0,106.1
t,2900,none,none,1850,4750,4050,4650,0.0,0.062,0.006,0.046,0.699,0.187,0.0,107.9
t,2900,none,none,1900,4800,4100,4700,0.0,0.06,0.004,0.042,0.612,0.283,0.0,108.2
t,2900,none,none,1950,4850,4150,4750,0.0,0.0,0.057,0.043,0.615,0.284,0.0,111.5
t,2900,none,none,2000,4900,4200,4800,0.0,0.0,0.06,0.038,0.609,0.293,0.0,102.5
t,2900,none,none,2050,4950,4250,4850,0.0,0.0,0.045,0.024,0.634,0.298,0.0,114.7
t,2900,none,none,2100,5000,4300,4900,0.0,0.0,0.041,0.008,0.61,0.165,0.176,102.4
t,2900,none,none,2150,5050,4350,4950,0.0,0.0,0.013,0.007,0.629,0.172,0.18,105.5
t,2900,none,none,2200,5100,4400,5000,0.0,0.0,0.002,0.007,0.617,0.193,0.182,105.8
t,2900,none,none,2250,5150,4450,5050,0.0,0.0,0.0,0.001,0.623,0.193,0.183,108.0
t,2900,none,none,2300,5200,4500,5100,0.0,0.026,0.0,0.0,0.042,0.742,0.189,102.1
t,2900,none,none,2350,5250,4550,5150,0.0,0.042,0.0,0.001,0.042,0.729,0.187,113.8
t,2900,none,none,2400,5300,4600,5200,0.0,0.129,0.022,0.0,0.032,0.562,0.255,116.8
t,2900,none,none,2450,5350,4650,5250,0.0,0.106,0.021,0.0,0.029,0.571,0.274,119.9
t,2900,none,none,2500,5400,4700,5300,0.0,0.052,0.099,0.0,0.036,0.548,0.264,134.3
t,2900,none,none,2550,5450,4750,5350,0.0,0.061,0.076,0.0,0.085,0.547,0.23,110.1
t,2900,none,none,2600,5500,4800,5400,0.0,0.082,0.081,0.0,0.067,0.537,0.234,101.6
t,2900,none,none,2650,5550,4850,5450,0.0,0.078,0.067,0.0,0.056,0.527,0.273,103.0
t,2900,none,none,2700,5600,4900,5500,0.0,0.025,0.112,0.002,0.053,0.504,0.305,109.9
t,2900,none,none,2750,5650,4950,5550,0.0,0.027,0.104,0.004,0.066,0.492,0.306,106.6
t,2900,none,none,2800,5700,5000,5600,0.0,0.039,0.101,0.014,0.077,0.093,0.675,101.8
t,2900,none,none,2850,5750,5050,5650,0.0,0.042,0.101,0.035,0.129,0.107,0.585,102.5
t,2900,none,none,2900,5800,4800,5400,0.0,0.009,0.126,0.074,0.188,0.136,0.467,106.0
t,2900,none,none,2950,5850,4500,5100,0.0,0.04,0.12,0.064,0.259,0.173,0.343,108.9
t,2900,none,none,3000,5900,4450,5050,0.0,0.103,0.1,0.074,0.294,0.151,0.278,100.5
t,2900,none,none,3050,5950,4500,5100,0.0,0.063,0.121,0.061,0.231,0.242,0.282,106.7
t,2900,none,none,3100,6000,4450,5050,0.0,0.109,0.125,0.046,0.224,0.2,0.296,100.8
t,2900,none,none,3150,6050,4500,5100,0.0,0.155,0.101,0.011,0.231,0.217,0.285,109.1
t,2900,none,none,3200,6100,4550,5150,0.0,0.07,0.178,0.011,0.237,0.219,0.285,101.3
t,2900,none,none,3250,6150,4600,5200,0.0,0.038,0.199,0.015,0.207,0.222,0.319,103.7
t,2900,none,none,3300,6200,4500,5100,0.0,0.14,0.147,0.041,0.16,0.213,0.299,102.3
t,2900,none,none,3350,6250,4450,5050,0.0,0.131,0.164,0.039,0.174,0.215,0.279,104.3
t,2900,none,none,3400,6300,4450,5050,0.0,0.011,0.286,0.044,0.163,0.244,0.252,105.8
t,2900,none,none,3450,6350,4500,5100,0.0,0.013,0.271,0.051,0.109,0.312,0.244,104.8
t,2900,none,none,3500,6400,4550,5150,0.0,0.061,0.235,0.068,0.125,0.276,0.235,101.6
t,2900,none,none,3550,6450,4500,5100,0.0,0.092,0.201,0.048,0.152,0.268,0.239,104.0
t,2900,none,none,3600,6500,4500,5100,0.0,0.044,0.259,0.032,0.148,0.282,0.235,105.7
t,2900,none,none,3650,6550,4550,5150,0.0,0.028,0.269,0.022,0.123,0.342,0.216,100.2
t,2900,none,none,3700,6600,4400,5000,0.0,0.189,0.233,0.013,0.098,0.311,0.156,100.7
t,2900,none,none,3750,6650,4450,5050,0.0,0.198,0.208,0.03,0.078,0.283,0.203,100.6
t,2900,none,none,3800,6700,4250,4850,0.0,0.071,0.379,0.026,0.06,0.268,0.195,100.2
t,2900,none,none,3850,6750,4250,4850,0.0,0.092,0.33,0.06,0.061,0.259,0.198,101.1
t,2900,none,none,3900,6800,3100,3700,0.0,0.283,0.312,0.046,0.049,0.161,0.149,104.4
t,2900,none,none,3950,6850,3150,3750,0.0,0.359,0.286,0.041,0.04,0.107,0.168,101.4
t,2900,none,none,4000,6900,3000,3600,0.0,0.46,0.368,0.019,0.025,0.057,0.071,105.6
t,2900,none,none,4050,6950,2950,3550,0.0,0.521,0.342,0.019,0.012,0.058,0.047,106.2
t,2900,none,none,4100,7000,3000,3600,0.0,0.031,0.852,0.026,0.012,0.032,0.047,108.1
t,2900,none,none,4150,7050,3050,3650,0.0,0.006,0.899,0.028,0.009,0.029,0.028,103.6
t,2900,none,none,4200,7100,2900,3500,0.0,0.548,0.408,0.013,0.014,0.014,0.005,130.7
t,2900,none,none,4250,7150,2950,3550,0.0,0.699,0.259,0.03,0.006,0.0,0.006,103.0
t,2900,none,none,4300,7200,3000,3600,0.0,0.173,0.811,0.008,0.0,0.0,0.008,137.1
t,2900,none,none,4350,7250,3050,3650,0.0,0.192,0.797,0.01,0.0,0.0,0.0,110.3
t,2900,none,none,4400,7300,2900,3500,0.0,0.817,0.174,0.001,0.0,0.007,0.001,165.0
t,2900,none,none,4450,7350,2950,3550,0.0,0.87,0.108,0.009,0.0,0.0,0.013,240.0
t,2900,none,none,4500,7400,3000,3600,0.0,0.03,0.918,0.044,0.0,0.0,0.008,204.1
t,2900,none,none,4550,7450,3050,3650,0.0,0.09,0.872,0.026,0.008,0.0,0.004,158.8
t,2900,none,none,4600,7500,2900,3500,0.0,0.594,0.383,0.023,0.001,0.0,0.0,125.1
t,2900,none,none,4650,7550,2950,3550,0.0,0.789,0.204,0.007,0.0,0.0,0.0,119.0
t,2900,none,none,4700,7600,3000,3600,0.0,0.288,0.702,0.006,0.0,0.0,0.003,114.7
t,2900,none,none,4750,7650,3050,3650,0.0,0.331,0.634,0.024,0.0,0.0,0.011,103.8
t,2900,none,none,4800,7700,3000,3600,0.0,0.332,0.633,0.014,0.015,0.0,0.007,109.1
t,2900,none,none,4850,7750,2950,3550,0.0,0.548,0.418,0.008,0.018,0.0,0.008,115.7
t,2900,none,none,4900,7800,3000,3600,0.0,0.32,0.644,0.001,0.024,0.0,0.011,104.1
t,2900,none,none,4950,7850,3050,3650,0.0,0.419,0.542,0.0,0.014,0.013,0.013,104.9
t,2900,none,none,5000,7900,3100,3700,0.0,0.0,0.972,0.001,0.009,0.009,0.009,105.8
t,2900,none,none,5050,7950,3150,3750,0.0,0.005,0.981,0.0,0.005,0.005,0.005,101.2
t,2900,none,none,5100,8000,3200,3800,0.0,0.091,0.901,0.0,0.003,0.002,0.002,107.9
t,2900,none,none,5150,8050,3250,3850,0.0,0.128,0.864,0.0,0.005,0.001,0.001,103.3
t,2900,none,none,5200,8100,3300,3900,0.0,0.006,0.963,0.019,0.01,0.001,0.001,108.9
t,2900,none,none,5250,8150,3350,3950,0.0,0.021,0.943,0.02,0.015,0.001,0.001,101.5
t,2900,none,none,5300,8200,3400,4000,0.0,0.013,0.935,0.025,0.022,0.004,0.001,106.1
t,2900,none,none,5350,8250,3450,4050,0.0,0.0,0.933,0.033,0.026,0.007,0.0,102.1
t,2900,none,none,5400,8300,3500,4100,0.0,0.0,0.473,0.49,0.026,0.011,0.0,107.0
t,2900,none,none,5450,8350,3550,4150,0.0,0.0,0.477,0.484,0.026,0.013,0.001,100.6
t,2900,none,none,5500,8400,3600,4200,0.0,0.0,0.15,0.797,0.038,0.015,0.001,100.3
t,2900,none,none,5550,8450,3650,4250,0.0,0.0,0.144,0.806,0.034,0.015,0.001,106.9
t,2900,none,none,5600,8500,3600,4200,0.0,0.043,0.137,0.774,0.024,0.021,0.001,101.9
t,2900,none,none,5650,8550,3650,4250,0.0,0.044,0.134,0.779,0.022,0.02,0.001,102.0
t,2900,none,none,5700,8600,3700,4300,0.0,0.028,0.056,0.869,0.028,0.019,0.001,104.0
t,2900,none,none,5750,8650,3750,4350,0.0,0.03,0.054,0.87,0.028,0.018,0.001,104.3
t,2900,none,none,5800,8700,3800,4400,0.0,0.0,0.077,0.872,0.025,0.013,0.013,104.6
t,2900,none,none,5850,8750,3850,4450,0.0,0.0,0.07,0.868,0.036,0.013,0.012,104.8
t,2900,none,none,5900,8800,3900,4500,0.0,0.033,0.069,0.459,0.416,0.012,0.012,100.0
t,2900,none,none,5950,8850,3950,4550,0.0,0.033,0.064,0.456,0.424,0.012,0.011,106.0
t,2900,none,none,6000,8900,4000,4600,0.0,0.0,0.096,0.149,0.721,0.023,0.011,106.0
t,2900,none,none,6050,8950,4050,4650,0.0,0.052,0.093,0.147,0.677,0.021,0.01,101.0
t,2900,none,none,6100,9000,4100,4700,0.0,0.07,0.09,0.148,0.66,0.018,0.014,101.2
t,2900,none,none,6150,9050,4150,4750,0.0,0.018,0.141,0.15,0.658,0.02,0.013,101.4
t,2900,none,none,6200,9100,4200,4800,0.0,0.0,0.131,0.034,0.78,0.041,0.014,101.9
t,2900,none,none,6250,9150,4250,4850,0.0,0.0,0.13,0.033,0.778,0.045,0.014,102.7
t,2900,none,none,6300,9200,4300,4900,0.0,0.0,0.11,0.053,0.771,0.046,0.02,97.5
t,2900,none,none,6350,9250,4350,4950,0.0,0.0,0.118,0.05,0.77,0.044,0.018,87.1
t,2900,none,none,6400,9300,4400,5000,0.0,0.0,0.126,0.049,0.427,0.38,0.017,77.9
t,2900,none,none,6450,9350,4450,5050,0.0,0.056,0.126,0.046,0.406,0.352,0.015,69.9
t,2900,none,none,6500,9400,4500,5100,0.0,0.064,0.094,0.082,0.181,0.559,0.02,62.4
t,2900,none,none,6550,9450,4550,5150,0.0,0.0,0.171,0.081,0.188,0.543,0.017,55.8
t,2900,none,none,6600,9500,4600,5200,0.0,0.0,0.183,0.079,0.194,0.528,0.015,50.0
t,2900,none,none,6650,9550,4650,5250,0.0,0.044,0.113,0.146,0.191,0.493,0.013,44.7
t,2900,none,none,6700,9600,4500,5100,0.0,0.05,0.098,0.152,0.018,0.667,0.014,40.0
t,2900,none,none,6750,9650,4550,5150,0.0,0.0,0.164,0.149,0.016,0.659,0.012,35.8
t,2900,none,none,6800,9700,4600,5200,0.0,0.0,0.179,0.129,0.029,0.652,0.011,32.1
t,2900,none,none,6850,9750,4650,5250,0.0,0.0,0.194,0.125,0.026,0.645,0.011,28.8
t,2900,none,none,6900,9800,4700,5300,0.0,0.0,0.208,0.119,0.023,0.348,0.302,25.9
t,2900,none,none,6950,9850,4750,5350,0.0,0.0,0.221,0.113,0.02,0.341,0.305,23.4
t,2900,none,none,7000,9900,4800,5400,0.0,0.0,0.231,0.081,0.042,0.197,0.449,21.1
t,3400,none,none,800,4200,3900,4500,0.0,0.0,0.083,0.622,0.295,0.0,0.0,30.5
t,3400,none,none,850,4250,3950,4550,0.0,0.0,0.082,0.623,0.296,0.0,0.0,30.8
t,3400,none,none,1650,5050,3700,4300,0.0,0.0,0.146,0.479,0.242,0.085,0.048,36.3
t,3400,none,none,1700,5100,3700,4300,0.0,0.0,0.161,0.491,0.213,0.087,0.049,52.3
t,3400,none,none,1750,5150,3700,4300,0.0,0.0,0.06,0.572,0.23,0.089,0.049,76.5
t,3400,none,none,1800,5200,3750,4350,0.0,0.0,0.128,0.515,0.202,0.103,0.051,102.3
t,3400,none,none,1850,5250,3800,4400,0.0,0.0,0.151,0.507,0.2,0.095,0.047,101.5
t,3400,none,none,1900,5300,3850,4450,0.0,0.0,0.069,0.587,0.191,0.061,0.092,104.6
t,3400,none,none,1950,5350,3900,4500,0.0,0.0,0.011,0.616,0.223,0.06,0.091,111.7
t,3400,none,none,2000,5400,3950,4550,0.0,0.0,0.027,0.567,0.18,0.131,0.094,106.8
t,3400,none,none,2050,5450,4000,4600,0.0,0.0,0.037,0.374,0.363,0.134,0.092,104.5
t,3400,none,none,2100,5500,4050,4650,0.0,0.0,0.021,0.353,0.376,0.143,0.107,102.9
t,3400,none,none,2150,5550,4100,4700,0.0,0.0,0.007,0.343,0.407,0.137,0.106,108.2
t,3400,none,none,2200,5600,4150,4750,0.0,0.0,0.015,0.327,0.418,0.134,0.105,104.1
t,3400,none,none,2250,5650,4200,4800,0.0,0.0,0.006,0.228,0.497,0.162,0.107,110.4
t,3400,none,none,2300,5700,4250,4850,0.0,0.0,0.0,0.214,0.51,0.156,0.119,106.4
t,3400,none,none,2350,5750,4300,4900,0.0,0.0,0.0,0.199,0.534,0.144,0.122,109.8
t,3400,none,none,2400,5800,4350,4950,0.0,0.0,0.017,0.12,0.602,0.124,0.137,107.6
t,3400,none,none,2450,5850,4400,5000,0.0,0.0,0.017,0.051,0.643,0.151,0.137,104.5
t,3400,none,none,2500,5900,4450,5050,0.0,0.0,0.0,0.068,0.594,0.188,0.15,101.5
t,3400,none,none,2550,5950,4500,5100,0.0,0.0,0.0,0.063,0.371,0.415,0.151,110.6
t,3400,none,none,2600,6000,4550,5150,0.0,0.0,0.09,0.051,0.31,0.391,0.158,103.0
t,3400,none,none,2650,6050,4600,5200,0.0,0.0,0.091,0.032,0.293,0.426,0.157,101.1
t,3400,none,none,2700,6100,4650,5250,0.0,0.0,0.003,0.123,0.279,0.438,0.157,100.5
t,3400,none,none,2750,6150,4700,5300,0.0,0.0,0.031,0.107,0.199,0.473,0.19,103.3
t,3400,none,none,2800,6200,4700,5300,0.0,0.0,0.065,0.101,0.181,0.446,0.207,110.5
t,3400,none,none,2850,6250,4750,5350,0.0,0.0,0.055,0.132,0.161,0.437,0.215,100.3
t,3400,none,none,2900,6300,4750,5350,0.0,0.0,0.03,0.167,0.098,0.497,0.209,103.8
t,3400,none,none,2950,6350,4700,5300,0.0,0.0,0.055,0.083,0.058,0.578,0.226,143.4
t,3400,none,none,3000,6400,4950,5550,0.0,0.0,0.042,0.079,0.045,0.438,0.396,119.5
t,3400,none,none,3050,6450,5000,5600,0.0,0.0,0.026,0.102,0.069,0.291,0.511,100.9
t,3400,none,none,3100,6500,4850,5450,0.0,0.0,0.018,0.119,0.064,0.322,0.477,123.2
t,3400,none,none,3150,6550,4900,5500,0.0,0.0,0.05,0.085,0.049,0.411,0.406,119.9
t,3400,none,none,3200,6600,4950,5550,0.0,0.0,0.029,0.069,0.082,0.45,0.371,121.4
t,3400,none,none,3250,6650,5000,5600,0.0,0.0,0.011,0.08,0.075,0.324,0.511,102.5
t,3400,none,none,3300,6700,4850,5450,0.0,0.0,0.086,0.072,0.042,0.375,0.426,117.2
t,3400,none,none,3350,6750,4800,5400,0.0,0.0,0.181,0.035,0.034,0.401,0.349,101.0
t,3400,none,none,3400,6800,4700,5300,0.0,0.0,0.092,0.272,0.034,0.396,0.206,112.3
t,3400,none,none,3450,6850,4800,5400,0.0,0.0,0.06,0.201,0.051,0.322,0.365,143.9
t,3400,none,none,3500,6900,4900,5500,0.0,0.0,0.241,0.022,0.033,0.248,0.456,101.7
t,3400,none,none,3550,6950,4950,5550,0.0,0.0,0.213,0.022,0.015,0.286,0.464,145.2
t,3400,none,none,3600,7000,5000,5600,0.0,0.0,0.052,0.181,0.008,0.22,0.539,149.1
t,3400,none,none,3650,7050,5000,5600,0.0,0.0,0.059,0.203,0.03,0.199,0.509,131.1
t,3400,none,none,3700,7100,4700,5300,0.0,0.0,0.311,0.101,0.033,0.165,0.39,108.0
t,3400,none,none,3750,7150,4900,5500,0.0,0.0,0.251,0.058,0.057,0.209,0.425,109.1
t,3400,none,none,3800,7200,4950,5550,0.0,0.0,0.106,0.207,0.058,0.153,0.476,119.4
t,3400,none,none,3850,7250,5000,5600,0.0,0.0,0.111,0.199,0.045,0.136,0.509,103.7
t,3400,none,none,3900,7300,4900,5500,0.0,0.0,0.124,0.209,0.041,0.146,0.48,121.9
t,3400,none,none,3950,7350,4950,5550,0.0,0.0,0.165,0.148,0.063,0.153,0.471,113.7
t,3400,none,none,4000,7400,3500,4100,0.0,0.0,0.419,0.148,0.04,0.099,0.293,118.4
t,3400,none,none,4050,7450,3450,4050,0.0,0.0,0.505,0.175,0.006,0.078,0.236,121.3
t,3400,none,none,4100,7500,3600,4200,0.0,0.0,0.021,0.682,0.013,0.022,0.263,116.7
t,3400,none,none,4150,7550,3650,4250,0.0,0.0,0.0,0.643,0.038,0.036,0.283,110.7
t,3400,none,none,4200,7600,3700,4300,0.0,0.0,0.203,0.439,0.049,0.058,0.251,113.2
t,3400,none,none,4250,7650,3650,4250,0.0,0.0,0.348,0.319,0.023,0.096,0.214,116.9
t,3400,none,none,4300,7700,3650,4250,0.0,0.0,0.122,0.581,0.044,0.081,0.172,108.1
t,3400,none,none,4350,7750,3750,4350,0.0,0.0,0.139,0.546,0.061,0.037,0.217,102.0
t,3400,none,none,4400,7800,3500,4100,0.0,0.0,0.47,0.329,0.041,0.025,0.135,112.4
t,3400,none,none,4450,7850,3450,4050,0.0,0.0,0.678,0.173,0.013,0.037,0.099,105.3
t,3400,none,none,4500,7900,3500,4100,0.0,0.0,0.058,0.76,0.063,0.028,0.091,111.6
t,3400,none,none,4550,7950,3550,4150,0.0,0.0,0.088,0.692,0.08,0.039,0.101,106.4
t,3400,none,none,4600,8000,3400,4000,0.0,0.0,0.706,0.192,0.042,0.027,0.033,125.3
t,3400,none,none,4650,8050,3450,4050,0.0,0.0,0.76,0.147,0.026,0.02,0.047,104.8
t,3400,none,none,4700,8100,3500,4100,0.0,0.0,0.238,0.679,0.006,0.015,0.062,112.7
t,3400,none,none,4750,8150,3550,4150,0.0,0.0,0.35,0.599,0.007,0.005,0.039,116.3
t,3400,none,none,4800,8200,3400,4000,0.0,0.0,0.505,0.457,0.014,0.004,0.021,100.4
t,3400,none,none,4850,8250,3450,4050,0.0,0.0,0.671,0.296,0.005,0.011,0.017,120.8
t,3400,none,none,4900,8300,3500,4100,0.0,0.0,0.361,0.632,0.0,0.003,0.003,111.3
t,3400,none,none,4950,8350,3550,4150,0.0,0.0,0.449,0.542,0.003,0.0,0.006,112.3
t,3400,none,none,5000,8400,3600,4200,0.0,0.0,0.0,0.957,0.013,0.003,0.027,103.0
t,3400,none,none,5050,8450,3650,4250,0.0,0.0,0.0,0.956,0.011,0.017,0.016,119.0
t,3400,none,none,5100,8500,3700,4300,0.0,0.0,0.12,0.832,0.001,0.033,0.014,103.9
t,3400,none,none,5150,8550,3750,4350,0.0,0.0,0.174,0.794,0.008,0.017,0.008,122.5
t,3400,none,none,5200,8600,3700,4300,0.0,0.0,0.008,0.957,0.03,0.004,0.002,109.9
t,3400,none,none,5250,8650,3750,4350,0.0,0.0,0.014,0.96,0.022,0.0,0.004,111.5
t,3400,none,none,5300,8700,3800,4400,0.0,0.0,0.016,0.937,0.03,0.002,0.016,109.4
t,3400,none,none,5350,8750,3850,4450,0.0,0.0,0.012,0.923,0.04,0.001,0.023,115.9
t,3400,none,none,5400,8800,3900,4500,0.0,0.0,0.035,0.506,0.436,0.003,0.019,110.4
t,3400,none,none,5450,8850,3950,4550,0.0,0.0,0.052,0.491,0.437,0.01,0.011,108.9
t,3400,none,none,5500,8900,4000,4600,0.0,0.0,0.0,0.164,0.807,0.018,0.011,100.8
t,3400,none,none,5550,8950,4150,4750,0.0,0.0,0.0,0.104,0.873,0.01,0.013,102.9
t,3400,none,none,5600,9000,4200,4800,0.0,0.0,0.019,0.091,0.875,0.0,0.014,108.8
t,3400,none,none,5650,9050,4250,4850,0.0,0.0,0.028,0.115,0.848,0.0,0.009,104.6
t,3400,none,none,5700,9100,4200,4800,0.0,0.0,0.103,0.035,0.849,0.007,0.006,100.5
t,3400,none,none,5750,9150,4250,4850,0.0,0.0,0.14,0.031,0.812,0.008,0.01,103.6
t,3400,none,none,5800,9200,4300,4900,0.0,0.0,0.013,0.152,0.804,0.017,0.014,100.4
t,3400,none,none,5850,9250,4350,4950,0.0,0.0,0.0,0.136,0.826,0.024,0.014,106.9
t,3400,none,none,5900,9300,4400,5000,0.0,0.0,0.092,0.101,0.45,0.337,0.019,102.1
t,3400,none,none,5950,9350,4450,5050,0.0,0.0,0.146,0.073,0.437,0.325,0.02,101.8
t,3400,none,none,6000,9400,4500,5100,0.0,0.0,0.038,0.17,0.122,0.637,0.033,105.0
t,3400,none,none,6050,9450,4550,5150,0.0,0.0,0.13,0.173,0.111,0.554,0.031,106.4
t,3400,none,none,6100,9500,4600,5200,0.0,0.0,0.244,0.137,0.104,0.486,0.029,106.1
t,3400,none,none,6150,9550,4650,5250,0.0,0.0,0.116,0.266,0.108,0.482,0.028,103.3
t,3400,none,none,6200,9600,4700,5300,0.0,0.0,0.014,0.353,0.02,0.581,0.031,100.4
t,3400,none,none,6250,9650,4550,5150,0.0,0.0,0.147,0.284,0.023,0.518,0.027,105.1
t,3400,none,none,6300,9700,4600,5200,0.0,0.0,0.186,0.252,0.018,0.519,0.026,100.8
t,3400,none,none,6350,9750,4650,5250,0.0,0.0,0.04,0.373,0.02,0.539,0.027,104.0
t,3400,none,none,6400,9800,4700,5300,0.0,0.0,0.0,0.398,0.021,0.355,0.226,102.5
t,3400,none,none,6450,9850,4650,5250,0.0,0.0,0.146,0.332,0.017,0.316,0.189,102.0
t,3400,none,none,6500,9900,4700,5300,0.0,0.0,0.173,0.289,0.035,0.085,0.418,101.9
t,3400,none,none,6550,9950,4750,5350,0.0,0.0,0.015,0.436,0.041,0.084,0.424,100.8
t,3400,none,none,6600,10000,4900,5500,0.0,0.0,0.0,0.445,0.04,0.084,0.43,100.0
t,3400,none,none,6650,10050,4000,4600,0.0,0.0,0.117,0.35,0.076,0.074,0.383,100.5
t,3400,none,none,6700,10100,4150,4750,0.0,0.0,0.121,0.296,0.108,0.019,0.457,103.9
t,3400,none,none,6750,10150,4100,4700,0.0,0.0,0.014,0.409,0.104,0.018,0.455,103.7
t,3400,none,none,6800,10200,4250,4850,0.0,0.0,0.016,0.401,0.101,0.014,0.467,102.9
t,3400,none,none,6850,10250,3800,4400,0.0,0.0,0.238,0.291,0.117,0.009,0.345,100.0
t,3400,none,none,6900,10300,3850,4450,0.0,0.0,0.255,0.256,0.135,0.009,0.345,103.1
t,3400,none,none,6950,10350,3900,4500,0.0,0.0,0.011,0.516,0.128,0.009,0.336,103.1
t,3400,none,none,7000,10400,3950,4550,0.0,0.0,0.012,0.524,0.114,0.018,0.332,102.1
t,3400,none,none,7050,10450,4000,4600,0.0,0.0,0.0,0.442,0.209,0.021,0.328,101.1
t,3400,none,none,7100,10500,4050,4650,0.0,0.0,0.0,0.443,0.21,0.021,0.325,100.3
t,3400,none,none,7150,10550,4100,4700,0.0,0.0,0.0,0.44,0.184,0.046,0.33,103.7
t,3400,none,none,7200,10600,4150,4750,0.0,0.0,0.0,0.471,0.155,0.054,0.319,95.0
t,3400,none,none,7250,10650,4000,4600,0.0,0.0,0.0,0.399,0.25,0.047,0.303,87.0
t,3400,none,none,7300,10700,4050,4650,0.0,0.0,0.0,0.428,0.241,0.041,0.29,79.7
t,3400,none,none,7350,10750,4100,4700,0.0,0.0,0.0,0.44,0.218,0.066,0.276,72.9
t,3400,none,none,7400,10800,4150,4750,0.0,0.0,0.0,0.468,0.204,0.067,0.262,66.8
t,3400,none,none,7450,10850,4100,4700,0.0,0.0,0.0,0.027,0.666,0.058,0.248,61.1
t,3400,none,none,7500,10900,4050,4650,0.0,0.0,0.0,0.029,0.685,0.048,0.238,55.9
t,3400,none,none,7550,10950,4100,4700,0.0,0.0,0.0,0.0,0.674,0.1,0.226,51.1
t,3400,none,none,7600,11000,4150,4750,0.0,0.0,0.0,0.0,0.691,0.095,0.214,46.6
ct,1400,none,none,2250,3650,1950,,0.556,0.342,0.025,0.077,0.0,0.0,0.0,20.1
ct,1400,none,none,2300,3700,1950,,0.509,0.404,0.021,0.065,0.0,0.0,0.0,24.5
ct,1400,none,none,2350,3750,2000,,0.476,0.438,0.022,0.064,0.0,0.0,0.0,25.0
ct,1400,none,none,2400,3800,2050,,0.484,0.432,0.022,0.062,0.0,0.0,0.0,26.5
ct,1400,none,none,2450,3850,2100,,0.488,0.429,0.022,0.061,0.0,0.0,0.0,27.2
ct,1400,none,none,2500,3900,2000,,0.491,0.429,0.022,0.058,0.0,0.0,0.0,29.1
ct,1400,none,none,2550,3950,1850,,0.566,0.366,0.019,0.049,0.0,0.0,0.0,34.4
ct,1400,none,none,2600,4000,1800,,0.578,0.267,0.108,0.0,0.047,0.0,0.0,36.4
ct,1400,none,none,2650,4050,1850,,0.54,0.305,0.108,0.0,0.046,0.0,0.0,37.4
ct,1400,none,none,2700,4100,1850,,0.557,0.29,0.111,0.0,0.042,0.0,0.0,42.8
ct,1400,none,none,2750,4150,1900,,0.583,0.271,0.09,0.017,0.039,0.0,0.0,46.8
ct,1400,none,none,2800,4200,1950,,0.556,0.302,0.088,0.017,0.037,0.0,0.0,49.3
ct,1400,none,none,2850,4250,2000,,0.457,0.409,0.084,0.016,0.034,0.0,0.0,54.8
ct,1400,none,none,2900,4300,2050,,0.387,0.426,0.139,0.015,0.033,0.0,0.0,57.9
ct,1400,none,none,2950,4350,2100,,0.403,0.415,0.135,0.015,0.032,0.0,0.0,61.6
ct,1400,none,none,3000,4400,2100,,0.414,0.389,0.152,0.014,0.03,0.0,0.0,66.6
ct,1400,none,none,3050,4450,2150,,0.481,0.346,0.134,0.013,0.026,0.0,0.0,74.9
ct,1400,none,none,3100,4500,2100,,0.475,0.358,0.075,0.068,0.0,0.025,0.0,79.5
ct,1400,none,none,3150,4550,2150,,0.383,0.451,0.074,0.068,0.0,0.024,0.0,81.6
ct,1400,none,none,3200,4600,2100,,0.393,0.44,0.069,0.075,0.0,0.023,0.0,86.1
ct,1400,none,none,3250,4650,2100,,0.464,0.389,0.058,0.058,0.01,0.02,0.0,99.1
ct,1400,none,none,3300,4700,2100,,0.449,0.381,0.087,0.054,0.01,0.019,0.0,101.0
ct,1400,none,none,3350,4750,1500,,0.677,0.208,0.068,0.027,0.006,0.013,0.0,101.6
ct,1400,none,none,3400,4800,1500,,0.694,0.196,0.046,0.046,0.005,0.013,0.0,100.5
ct,1400,none,none,3450,4850,1500,,0.811,0.108,0.037,0.031,0.001,0.011,0.0,102.7
ct,1400,none,none,3500,4900,1550,,0.831,0.092,0.025,0.04,0.0,0.011,0.0,105.4
ct,1400,none,none,3550,4950,1500,,0.865,0.075,0.027,0.026,0.0,0.006,0.0,127.4
ct,1400,none,none,3600,5000,1450,,0.878,0.09,0.016,0.003,0.013,0.0,0.0,149.4
ct,1400,none,none,3650,5050,1500,,0.9,0.094,0.0,0.005,0.0,0.0,0.0,186.2
ct,1400,none,none,3700,5100,1550,,0.869,0.103,0.005,0.004,0.018,0.0,0.0,169.9
ct,1400,none,none,3750,5150,1500,,0.889,0.092,0.006,0.001,0.006,0.006,0.0,119.5
ct,1400,none,none,3800,5200,1500,,0.863,0.111,0.01,0.005,0.011,0.0,0.0,121.1
ct,1400,none,none,3850,5250,1550,,0.822,0.107,0.05,0.014,0.007,0.0,0.0,111.9
ct,1400,none,none,3900,5300,1550,,0.915,0.07,0.003,0.001,0.011,0.0,0.0,114.6
ct,1400,none,none,3950,5350,1450,,0.882,0.06,0.023,0.017,0.012,0.0,0.006,178.6
ct,1400,none,none,4000,5400,1500,,0.889,0.064,0.021,0.013,0.009,0.0,0.004,157.8
ct,1400,none,none,4050,5450,1550,,0.908,0.048,0.029,0.004,0.009,0.0,0.001,150.6
ct,1400,none,none,4100,5500,1450,,0.916,0.043,0.029,0.0,0.012,0.001,0.0,108.5
ct,1400,none,none,4150,5550,1500,,0.827,0.126,0.027,0.002,0.012,0.006,0.0,119.0
ct,1400,none,none,4200,5600,1400,,0.884,0.083,0.012,0.001,0.01,0.01,0.0,103.9
ct,1400,none,none,4250,5650,1450,,0.921,0.013,0.037,0.018,0.009,0.001,0.0,112.7
ct,1400,none,none,4300,5700,1500,,0.884,0.062,0.034,0.013,0.007,0.0,0.0,113.2
ct,1400,none,none,4350,5750,1550,,0.855,0.099,0.035,0.006,0.003,0.001,0.0,125.8
ct,1400,none,none,4400,5800,1550,,0.85,0.12,0.018,0.012,0.001,0.0,0.0,100.6
ct,1400,none,none,4450,5850,1500,,0.872,0.101,0.016,0.01,0.0,0.0,0.0,108.7
ct,1400,none,none,4500,5900,1500,,0.948,0.037,0.008,0.007,0.0,0.0,0.0,111.0
ct,1400,none,none,4550,5950,1450,,0.958,0.019,0.012,0.012,0.0,0.0,0.0,106.6
ct,1400,none,none,4600,6000,1500,,0.949,0.028,0.012,0.011,0.0,0.0,0.0,109.7
ct,1400,none,none,4650,6050,1550,,0.92,0.053,0.011,0.016,0.0,0.0,0.0,103.1
ct,1400,none,none,4700,6100,1450,,0.919,0.062,0.001,0.018,0.0,0.0,0.0,113.2
ct,1400,none,none,4750,6150,1450,,0.924,0.06,0.001,0.016,0.0,0.0,0.0,106.1
ct,1400,none,none,4800,6200,1500,,0.886,0.098,0.001,0.013,0.001,0.0,0.001,102.7
ct,1400,none,none,4850,6250,1550,,0.891,0.094,0.0,0.01,0.001,0.0,0.004,106.6
ct,1400,none,none,4900,6300,1600,,0.925,0.063,0.0,0.006,0.0,0.0,0.006,107.1
ct,1400,none,none,4950,6350,1500,,0.924,0.058,0.002,0.004,0.0,0.0,0.01,105.2
ct,1400,none,none,5000,6400,1500,,0.951,0.033,0.003,0.001,0.0,0.0,0.012,107.7
ct,1400,none,none,5050,6450,1550,,0.941,0.038,0.006,0.001,0.001,0.0,0.013,106.8
ct,1400,none,none,5100,6500,1550,,0.921,0.052,0.01,0.0,0.005,0.0,0.012,101.1
ct,1400,none,none,5150,6550,1600,,0.889,0.062,0.025,0.0,0.013,0.002,0.01,104.0
ct,1400,none,none,5200,6600,1550,,0.907,0.052,0.028,0.0,0.009,0.0,0.004,100.6
ct,1400,none,none,5250,6650,1450,,0.911,0.049,0.023,0.0,0.015,0.001,0.001,104.4
ct,1400,none,none,5300,6700,1500,,0.911,0.049,0.014,0.0,0.022,0.0,0.004,101.8
ct,1400,none,none,5350,6750,1550,,0.906,0.045,0.008,0.002,0.031,0.0,0.008,107.5
ct,1400,none,none,5400,6800,1600,,0.909,0.038,0.002,0.003,0.028,0.007,0.012,104.6
ct,1400,none,none,5450,6850,1650,,0.86,0.08,0.001,0.008,0.034,0.004,0.013,107.3
ct,1400,none,none,5500,6900,1700,,0.863,0.078,0.0,0.012,0.034,0.002,0.011,109.2
ct,1400,none,none,5550,6950,1750,,0.862,0.074,0.009,0.014,0.03,0.001,0.009,102.3
ct,1400,none,none,5600,7000,1800,,0.881,0.083,0.003,0.012,0.008,0.009,0.003,101.4
ct,1400,none,none,5650,7050,1850,,0.874,0.109,0.001,0.007,0.0,0.007,0.001,100.2
ct,1400,none,none,5700,7100,1900,,0.898,0.095,0.0,0.003,0.0,0.002,0.0,100.2
ct,1400,none,none,5750,7150,1950,,0.908,0.089,0.0,0.002,0.0,0.001,0.0,107.6
ct,1400,none,none,5800,7200,1800,,0.541,0.458,0.0,0.0,0.0,0.0,0.0,102.1
ct,1400,none,none,5850,7250,1800,,0.525,0.474,0.0,0.0,0.0,0.001,0.0,109.8
ct,1400,none,none,5900,7300,1700,,0.56,0.437,0.0,0.0,0.0,0.0,0.003,113.2
ct,1400,none,none,5950,7350,1750,,0.579,0.413,0.001,0.0,0.0,0.0,0.007,111.9
ct,1400,none,none,6000,7400,1800,,0.53,0.451,0.008,0.0,0.0,0.0,0.01,106.5
ct,1400,none,none,6050,7450,1850,,0.514,0.455,0.017,0.0,0.0,0.0,0.014,101.5
ct,1400,none,none,6100,7500,1900,,0.532,0.428,0.024,0.005,0.0,0.0,0.01,106.0
ct,1400,none,none,6150,7550,1950,,0.546,0.413,0.024,0.011,0.0,0.001,0.005,102.3
ct,1400,none,none,6200,7600,2000,,0.156,0.807,0.006,0.023,0.0,0.006,0.002,111.5
ct,1400,none,none,6250,7650,2050,,0.17,0.794,0.006,0.019,0.0,0.011,0.001,107.7
ct,1400,none,none,6300,7700,2100,,0.212,0.745,0.003,0.026,0.0,0.0,0.014,102.7
ct,1400,none,none,6350,7750,2150,,0.228,0.711,0.009,0.041,0.0,0.0,0.011,105.7
ct,1400,none,none,6400,7800,2200,,0.141,0.789,0.012,0.039,0.011,0.0,0.008,111.7
ct,1400,none,none,6450,7850,2250,,0.137,0.765,0.041,0.039,0.014,0.0,0.004,107.2
ct,1400,none,none,6500,7900,2300,,0.115,0.785,0.055,0.03,0.012,0.0,0.003,110.4
ct,1400,none,none,6550,7950,2350,,0.133,0.785,0.052,0.014,0.014,0.0,0.001,105.6
ct,1400,none,none,6600,8000,2400,,0.123,0.791,0.068,0.009,0.009,0.0,0.001,108.9
ct,1400,none,none,6650,8050,2450,,0.11,0.814,0.066,0.005,0.005,0.0,0.001,105.0
ct,1400,none,none,6700,8100,2500,,0.101,0.826,0.066,0.002,0.002,0.0,0.002,105.4
ct,1400,none,none,6750,8150,2550,,0.114,0.815,0.066,0.001,0.001,0.0,0.003,106.2
ct,1400,none,none,6800,8200,2600,,0.095,0.556,0.329,0.013,0.001,0.0,0.006,104.1
ct,1400,none,none,6850,8250,2650,,0.101,0.546,0.333,0.01,0.0,0.0,0.01,101.6
ct,1400,none,none,6900,8300,2700,,0.084,0.552,0.345,0.007,0.0,0.0,0.012,103.5
ct,1400,none,none,6950,8350,2750,,0.084,0.547,0.315,0.041,0.0,0.0,0.013,106.1
ct,1400,none,none,7000,8400,2800,,0.072,0.527,0.347,0.041,0.0,0.0,0.013,101.4
ct,1400,none,none,7050,8450,2850,,0.067,0.537,0.345,0.04,0.0,0.0,0.011,105.4
ct,1400,none,none,7100,8500,2900,,0.046,0.563,0.331,0.05,0.0,0.0,0.009,102.1
ct,1400,none,none,7150,8550,2950,,0.055,0.567,0.325,0.046,0.001,0.0,0.006,107.0
ct,1400,none,none,7200,8600,3000,,0.054,0.098,0.794,0.048,0.001,0.0,0.004,103.1
ct,1400,none,none,7250,8650,3050,,0.051,0.091,0.802,0.049,0.003,0.001,0.003,107.3
ct,1400,none,none,7300,8700,3100,,0.046,0.087,0.532,0.327,0.005,0.0,0.004,104.5
ct,1400,none,none,7350,8750,3150,,0.039,0.086,0.504,0.359,0.007,0.0,0.005,102.9
ct,1400,none,none,7400,8800,3200,,0.035,0.045,0.549,0.355,0.009,0.0,0.007,102.5
ct,1400,none,none,7450,8850,3250,,0.034,0.049,0.55,0.334,0.011,0.011,0.01,103.3
ct,1400,none,none,7500,8900,3300,,0.034,0.055,0.537,0.335,0.012,0.013,0.014,104.3
ct,1400,none,none,7550,8950,3350,,0.037,0.061,0.537,0.319,0.015,0.013,0.018,105.5
ct,1400,none,none,7600,9000,3400,,0.041,0.068,0.538,0.282,0.036,0.013,0.022,100.7
ct,1900,none,none,800,2700,2050,,0.207,0.793,0.0,0.0,0.0,0.0,0.0,1578.0
ct,1900,none,none,850,2750,2100,,0.207,0.793,0.0,0.0,0.0,0.0,0.0,1578.0
ct,1900,none,none,900,2800,2150,,0.0,1.0,0.0,0.0,0.0,0.0,0.0,1578.0
ct,1900,none,none,950,2850,2200,,0.0,1.0,0.0,0.0,0.0,0.0,0.0,1578.0
ct,1900,none,none,1000,2900,2250,,0.0,1.0,0.0,0.0,0.0,0.0,0.0,1578.0
ct,1900,none,none,1050,2950,2300,,0.0,1.0,0.0,0.0,0.0,0.0,0.0,1578.0
ct,1900,none,none,1100,3000,2350,,0.0,0.996,0.004,0.0,0.0,0.0,0.0,1579.0
ct,1900,none,none,1150,3050,2400,,0.0,0.933,0.067,0.0,0.0,0.0,0.0,212.8
ct,1900,none,none,1200,3100,2450,,0.001,0.908,0.091,0.0,0.0,0.0,0.0,137.7
ct,1900,none,none,1250,3150,2500,,0.0,0.913,0.087,0.0,0.0,0.0,0.0,249.0
ct,1900,none,none,1300,3200,2550,,0.023,0.85,0.127,0.0,0.0,0.0,0.0,178.6
ct,1900,none,none,1350,3250,2600,,0.151,0.744,0.104,0.0,0.0,0.0,0.0,167.8
ct,1900,none,none,1400,3300,2650,,0.148,0.708,0.144,0.0,0.0,0.0,0.0,151.9
ct,1900,none,none,1450,3350,2000,,0.465,0.426,0.109,0.0,0.0,0.0,0.0,116.0
ct,1900,none,none,1500,3400,1950,,0.522,0.356,0.122,0.0,0.0,0.0,0.0,108.1
ct,1900,none,none,1550,3450,2000,,0.119,0.742,0.138,0.0,0.0,0.0,0.0,106.5
ct,1900,none,none,1600,3500,2050,,0.101,0.738,0.022,0.139,0.0,0.0,0.0,100.2
ct,1900,none,none,1650,3550,2100,,0.288,0.59,0.014,0.109,0.0,0.0,0.0,101.4
ct,1900,none,none,1700,3600,2150,,0.307,0.567,0.013,0.112,0.0,0.0,0.0,101.4
ct,1900,none,none,1750,3650,2100,,0.193,0.671,0.026,0.11,0.0,0.0,0.0,102.4
ct,1900,none,none,1800,3700,2050,,0.304,0.54,0.042,0.114,0.0,0.0,0.0,100.5
ct,1900,none,none,1850,3750,2100,,0.232,0.574,0.053,0.14,0.0,0.0,0.0,101.3
ct,1900,none,none,1900,3800,2150,,0.142,0.622,0.05,0.187,0.0,0.0,0.0,105.7
ct,1900,none,none,1950,3850,2100,,0.211,0.526,0.051,0.212,0.0,0.0,0.0,100.2
ct,1900,none,none,2000,3900,2150,,0.191,0.499,0.051,0.26,0.0,0.0,0.0,100.5
ct,1900,none,none,2050,3950,2200,,0.08,0.557,0.048,0.316,0.0,0.0,0.0,105.5
ct,1900,none,none,2100,4000,2200,,0.13,0.493,0.016,0.098,0.261,0.0,0.0,100.7
ct,1900,none,none,2150,4050,2250,,0.209,0.418,0.014,0.104,0.256,0.0,0.0,105.4
ct,1900,none,none,2200,4100,2150,,0.273,0.393,0.008,0.098,0.228,0.0,0.0,103.9
ct,1900,none,none,2250,4150,2150,,0.27,0.42,0.005,0.1,0.205,0.0,0.0,102.8
ct,1900,none,none,2300,4200,2200,,0.096,0.6,0.01,0.093,0.2,0.0,0.0,103.7
ct,1900,none,none,2350,4250,2200,,0.076,0.617,0.018,0.107,0.182,0.0,0.0,105.3
ct,1900,none,none,2400,4300,2200,,0.116,0.578,0.014,0.052,0.24,0.0,0.0,101.4
ct,1900,none,none,2450,4350,2250,,0.099,0.562,0.026,0.078,0.235,0.0,0.0,100.0
ct,1900,none,none,2500,4400,2250,,0.135,0.526,0.026,0.086,0.228,0.0,0.0,104.5
ct,1900,none,none,2550,4450,2250,,0.27,0.405,0.036,0.098,0.191,0.0,0.0,100.6
ct,1900,none,none,2600,4500,2300,,0.194,0.466,0.028,0.091,0.113,0.108,0.0,104.5
ct,1900,none,none,2650,4550,2350,,0.049,0.59,0.033,0.103,0.111,0.113,0.0,103.2
ct,1900,none,none,2700,4600,2250,,0.163,0.504,0.034,0.099,0.099,0.101,0.0,102.2
ct,1900,none,none,2750,4650,2250,,0.197,0.464,0.023,0.114,0.098,0.104,0.0,104.7
ct,1900,none,none,2800,4700,2300,,0.043,0.596,0.029,0.054,0.156,0.122,0.0,100.0
ct,1900,none,none,2850,4750,2300,,0.065,0.559,0.045,0.051,0.159,0.121,0.0,100.6
ct,1900,none,none,2900,4800,2200,,0.305,0.387,0.038,0.033,0.116,0.12,0.0,101.7
ct,1900,none,none,2950,4850,2250,,0.268,0.402,0.035,0.047,0.125,0.124,0.0,103.8
ct,1900,none,none,3000,4900,2200,,0.102,0.559,0.048,0.038,0.133,0.121,0.0,100.6
ct,1900,none,none,3050,4950,2250,,0.189,0.479,0.032,0.058,0.128,0.113,0.0,101.5
ct,1900,none,none,3100,5000,2150,,0.197,0.467,0.036,0.057,0.117,0.061,0.065,100.9
ct,1900,none,none,3150,5050,2200,,0.112,0.525,0.043,0.06,0.126,0.066,0.068,100.2
ct,1900,none,none,3200,5100,2200,,0.208,0.462,0.041,0.053,0.112,0.066,0.059,104.1
ct,1900,none,none,3250,5150,2250,,0.244,0.409,0.043,0.047,0.098,0.089,0.069,103.0
ct,1900,none,none,3300,5200,2300,,0.051,0.57,0.052,0.058,0.035,0.137,0.096,103.0
ct,1900,none,none,3350,5250,2350,,0.045,0.553,0.042,0.081,0.041,0.13,0.108,103.2
ct,1900,none,none,3400,5300,2300,,0.173,0.449,0.045,0.074,0.036,0.089,0.135,105.1
ct,1900,none,none,3450,5350,2350,,0.154,0.42,0.054,0.101,0.045,0.087,0.138,100.9
ct,1900,none,none,3500,5400,2500,,0.001,0.554,0.038,0.124,0.056,0.087,0.141,102.4
ct,1900,none,none,3550,5450,2250,,0.211,0.415,0.032,0.058,0.101,0.068,0.115,104.5
ct,1900,none,none,3600,5500,2300,,0.253,0.372,0.026,0.067,0.088,0.072,0.123,102.2
ct,1900,none,none,3650,5550,2350,,0.043,0.569,0.033,0.069,0.089,0.071,0.126,104.1
ct,1900,none,none,3700,5600,2400,,0.04,0.557,0.047,0.071,0.077,0.081,0.127,102.3
ct,1900,none,none,3750,5650,2350,,0.157,0.475,0.035,0.074,0.061,0.078,0.121,102.8
ct,1900,none,none,3800,5700,2300,,0.175,0.449,0.045,0.075,0.061,0.046,0.148,102.0
ct,1900,none,none,3850,5750,2000,,0.415,0.347,0.036,0.05,0.031,0.032,0.089,100.7
ct,1900,none,none,3900,5800,2050,,0.418,0.334,0.031,0.065,0.033,0.032,0.087,103.1
ct,1900,none,none,3950,5850,2100,,0.059,0.694,0.019,0.076,0.031,0.038,0.083,102.0
ct,1900,none,none,4000,5900,2150,,0.037,0.685,0.035,0.061,0.05,0.033,0.098,102.2
ct,1900,none,none,4050,5950,2100,,0.316,0.489,0.026,0.036,0.031,0.036,0.066,102.9
ct,1900,none,none,4100,6000,2150,,0.356,0.438,0.021,0.039,0.036,0.037,0.073,100.1
ct,1900,none,none,4150,6050,2000,,0.24,0.589,0.014,0.019,0.044,0.032,0.062,100.7
ct,1900,none,none,4200,6100,2050,,0.318,0.512,0.012,0.021,0.041,0.03,0.065,100.3
ct,1900,none,none,4250,6150,2100,,0.147,0.688,0.005,0.029,0.037,0.016,0.077,100.1
ct,1900,none,none,4300,6200,2150,,0.087,0.736,0.008,0.033,0.024,0.029,0.083,103.0
ct,1900,none,none,4350,6250,2100,,0.353,0.525,0.004,0.027,0.011,0.02,0.06,102.7
ct,1900,none,none,4400,6300,2100,,0.419,0.459,0.006,0.025,0.013,0.017,0.061,102.6
ct,1900,none,none,4450,6350,2100,,0.033,0.839,0.01,0.024,0.017,0.009,0.07,100.4
ct,1900,none,none,4500,6400,2150,,0.057,0.813,0.0,0.034,0.005,0.022,0.069,103.7
ct,1900,none,none,4550,6450,2100,,0.359,0.549,0.0,0.027,0.001,0.017,0.048,102.4
ct,1900,none,none,4600,6500,2150,,0.324,0.577,0.0,0.023,0.005,0.02,0.05,101.1
ct,1900,none,none,4650,6550,2000,,0.233,0.681,0.008,0.02,0.002,0.018,0.037,101.8
ct,1900,none,none,4700,6600,2050,,0.323,0.594,0.007,0.02,0.002,0.019,0.035,103.2
ct,1900,none,none,4750,6650,2100,,0.177,0.744,0.006,0.017,0.004,0.02,0.033,101.7
ct,1900,none,none,4800,6700,2150,,0.101,0.812,0.007,0.02,0.004,0.022,0.035,100.9
ct,1900,none,none,4850,6750,2050,,0.401,0.543,0.002,0.015,0.0,0.017,0.021,103.0
ct,1900,none,none,4900,6800,2050,,0.488,0.454,0.004,0.016,0.0,0.017,0.021,102.1
ct,1900,none,none,4950,6850,2000,,0.026,0.905,0.015,0.017,0.0,0.017,0.02,102.7
ct,1900,none,none,5000,6900,2050,,0.096,0.84,0.016,0.0,0.016,0.0,0.033,100.9
ct,1900,none,none,5050,6950,2100,,0.214,0.728,0.017,0.0,0.014,0.0,0.027,101.6
ct,1900,none,none,5100,7000,2150,,0.131,0.809,0.022,0.0,0.013,0.0,0.025,100.5
ct,1900,none,none,5150,7050,2200,,0.005,0.934,0.003,0.022,0.012,0.0,0.023,104.3
ct,1900,none,none,5200,7100,2100,,0.296,0.66,0.001,0.023,0.008,0.0,0.012,102.4
ct,1900,none,none,5250,7150,2100,,0.466,0.499,0.0,0.023,0.005,0.0,0.007,104.2
ct,1900,none,none,5300,7200,2000,,0.174,0.793,0.0,0.024,0.004,0.0,0.005,102.8
ct,1900,none,none,5350,7250,2050,,0.0,0.969,0.0,0.023,0.003,0.0,0.005,101.9
ct,1900,none,none,5400,7300,2100,,0.143,0.833,0.0,0.02,0.001,0.0,0.003,103.3
ct,1900,none,none,5450,7350,2150,,0.16,0.81,0.008,0.018,0.001,0.0,0.004,102.6
ct,1900,none,none,5500,7400,2200,,0.007,0.965,0.006,0.016,0.0,0.001,0.006,101.5
ct,1900,none,none,5550,7450,2250,,0.0,0.972,0.005,0.014,0.0,0.001,0.008,100.4
ct,1900,none,none,5600,7500,2250,,0.218,0.751,0.014,0.008,0.0,0.0,0.008,103.4
ct,1900,none,none,5650,7550,2300,,0.258,0.709,0.016,0.0,0.006,0.0,0.011,105.7
ct,1900,none,none,5700,7600,2350,,0.041,0.925,0.017,0.0,0.004,0.0,0.013,103.8
ct,1900,none,none,5750,7650,2400,,0.029,0.935,0.019,0.0,0.003,0.0,0.014,100.9
ct,1900,none,none,5800,7700,2450,,0.052,0.912,0.02,0.0,0.002,0.0,0.014,102.6
ct,1900,none,none,5850,7750,2500,,0.059,0.906,0.02,0.0,0.001,0.0,0.014,100.3
ct,1900,none,none,5900,7800,2550,,0.014,0.953,0.02,0.0,0.001,0.0,0.013,103.9
ct,1900,none,none,5950,7850,2600,,0.016,0.852,0.121,0.0,0.0,0.0,0.011,101.7
ct,1900,none,none,6000,7900,2650,,0.003,0.872,0.115,0.0,0.0,0.0,0.009,100.1
ct,1900,none,none,6050,7950,2700,,0.011,0.872,0.11,0.0,0.0,0.0,0.007,100.4
ct,1900,none,none,6100,8000,2550,,0.058,0.834,0.099,0.003,0.0,0.0,0.005,104.0
ct,1900,none,none,6150,8050,2600,,0.05,0.83,0.101,0.015,0.0,0.0,0.004,100.1
ct,1900,none,none,6200,8100,2500,,0.069,0.821,0.095,0.013,0.0,0.0,0.002,101.9
ct,1900,none,none,6250,8150,2550,,0.073,0.814,0.101,0.011,0.0,0.0,0.001,101.1
ct,1900,none,none,6300,8200,2600,,0.068,0.586,0.327,0.019,0.0,0.0,0.0,101.6
ct,1900,none,none,6350,8250,2650,,0.089,0.47,0.423,0.018,0.0,0.0,0.0,100.1
ct,1900,none,none,6400,8300,2700,,0.041,0.527,0.414,0.017,0.0,0.0,0.0,100.5
ct,1900,none,none,6450,8350,2750,,0.031,0.533,0.326,0.109,0.0,0.0,0.0,103.9
ct,1900,none,none,6500,8400,2800,,0.048,0.533,0.307,0.111,0.0,0.0,0.0,104.0
ct,1900,none,none,6550,8450,2850,,0.084,0.491,0.31,0.115,0.0,0.0,0.0,100.7
ct,1900,none,none,6600,8500,2900,,0.057,0.521,0.308,0.114,0.0,0.0,0.0,100.7
ct,1900,none,none,6650,8550,2950,,0.034,0.532,0.313,0.12,0.0,0.0,0.0,101.4
ct,1900,none,none,6700,8600,3000,,0.054,0.236,0.598,0.113,0.0,0.0,0.0,101.5
ct,1900,none,none,6750,8650,3050,,0.097,0.206,0.59,0.107,0.0,0.0,0.0,100.3
ct,1900,none,none,6800,8700,3100,,0.037,0.257,0.437,0.267,0.002,0.0,0.0,103.2
ct,1900,none,none,6850,8750,3150,,0.0,0.286,0.294,0.419,0.001,0.0,0.0,100.9
ct,1900,none,none,6900,8800,3200,,0.0,0.258,0.313,0.429,0.001,0.0,0.0,104.1
ct,1900,none,none,6950,8850,3250,,0.017,0.243,0.308,0.322,0.109,0.0,0.0,103.3
ct,1900,none,none,7000,8900,3300,,0.019,0.234,0.31,0.326,0.111,0.0,0.0,101.1
ct,1900,none,none,7050,8950,3350,,0.039,0.235,0.291,0.327,0.108,0.0,0.0,103.2
ct,1900,none,none,7100,9000,3400,,0.06,0.222,0.282,0.331,0.106,0.0,0.0,102.9
ct,1900,none,none,7150,9050,3450,,0.014,0.266,0.29,0.327,0.103,0.0,0.0,102.2
ct,1900,none,none,7200,9100,3500,,0.0,0.275,0.057,0.569,0.099,0.0,0.0,101.5
ct,1900,none,none,7250,9150,3550,,0.0,0.268,0.066,0.573,0.093,0.0,0.0,100.6
ct,1900,none,none,7300,9200,3600,,0.0,0.256,0.081,0.359,0.304,0.0,0.0,103.7
ct,1900,none,none,7350,9250,3650,,0.005,0.245,0.093,0.285,0.373,0.0,0.0,102.8
ct,1900,none,none,7400,9300,3700,,0.007,0.225,0.03,0.373,0.365,0.0,0.0,101.0
ct,1900,none,none,7450,9350,3750,,0.003,0.222,0.036,0.378,0.288,0.072,0.0,103.8
ct,1900,none,none,7500,9400,3800,,0.005,0.213,0.042,0.37,0.3,0.07,0.0,102.2
ct,1900,none,none,7550,9450,3850,,0.0,0.211,0.049,0.367,0.304,0.069,0.0,100.6
ct,1900,none,none,7600,9500,3900,,0.0,0.201,0.047,0.379,0.301,0.071,0.001,103.1
ct,2400,none,none,800,3200,3200,,0.0,0.092,0.908,0.0,0.0,0.0,0.0,104.0
ct,2400,none,none,850,3250,3250,,0.0,0.092,0.908,0.0,0.0,0.0,0.0,110.5
ct,2400,none,none,900,3300,3300,,0.0,0.051,0.949,0.0,0.0,0.0,0.0,106.0
ct,2400,none,none,950,3350,3350,,0.0,0.052,0.948,0.0,0.0,0.0,0.0,101.6
ct,2400,none,none,1000,3400,3400,,0.0,0.052,0.948,0.0,0.0,0.0,0.0,108.9
ct,2400,none,none,1050,3450,3450,,0.0,0.052,0.948,0.0,0.0,0.0,0.0,104.5
ct,2400,none,none,1100,3500,3500,,0.0,0.029,0.088,0.883,0.0,0.0,0.0,100.1
ct,2400,none,none,1150,3550,3550,,0.0,0.033,0.089,0.878,0.0,0.0,0.0,109.2
ct,2400,none,none,1200,3600,3600,,0.0,0.028,0.093,0.879,0.0,0.0,0.0,105.2
ct,2400,none,none,1250,3650,3650,,0.0,0.028,0.092,0.88,0.0,0.0,0.0,101.2
ct,2400,none,none,1300,3700,3700,,0.0,0.008,0.092,0.901,0.0,0.0,0.0,112.0
ct,2400,none,none,1350,3750,3750,,0.0,0.009,0.091,0.9,0.0,0.0,0.0,109.0
ct,2400,none,none,1400,3800,3800,,0.0,0.008,0.05,0.942,0.0,0.0,0.0,105.9
ct,2400,none,none,1450,3850,3850,,0.0,0.018,0.049,0.933,0.0,0.0,0.0,105.1
ct,2400,none,none,1500,3900,3900,,0.0,0.021,0.05,0.929,0.0,0.0,0.0,103.7
ct,2400,none,none,1550,3950,3950,,0.0,0.02,0.05,0.93,0.0,0.0,0.0,101.9
ct,2400,none,none,1600,4000,4000,,0.0,0.019,0.028,0.087,0.866,0.0,0.0,101.0
ct,2400,none,none,1650,4050,4050,,0.0,0.054,0.027,0.084,0.835,0.0,0.0,102.8
ct,2400,none,none,1700,4100,4100,,0.0,0.068,0.023,0.087,0.822,0.0,0.0,106.6
ct,2400,none,none,1750,4150,4150,,0.0,0.103,0.025,0.084,0.788,0.0,0.0,113.8
ct,2400,none,none,1800,4200,4200,,0.0,0.184,0.003,0.075,0.738,0.0,0.0,108.2
ct,2400,none,none,1850,4250,4250,,0.0,0.218,0.003,0.074,0.705,0.0,0.0,124.2
ct,2400,none,none,1900,4300,4300,,0.0,0.289,0.002,0.037,0.672,0.0,0.0,103.9
ct,2400,none,none,1950,4350,4350,,0.0,0.379,0.001,0.037,0.583,0.0,0.0,131.5
ct,2400,none,none,2000,4400,4400,,0.0,0.426,0.001,0.035,0.538,0.0,0.0,102.2
ct,2400,none,none,2050,4450,3850,,0.0,0.45,0.035,0.029,0.486,0.0,0.0,159.4
ct,2400,none,none,2100,4500,2750,,0.0,0.556,0.047,0.024,0.021,0.353,0.0,192.2
ct,2400,none,none,2150,4550,2650,,0.0,0.586,0.044,0.015,0.075,0.28,0.0,163.2
ct,2400,none,none,2200,4600,2550,,0.0,0.667,0.059,0.025,0.045,0.204,0.0,133.0
ct,2400,none,none,2250,4650,2550,,0.0,0.636,0.035,0.013,0.092,0.224,0.0,145.8
ct,2400,none,none,2300,4700,3050,,0.0,0.492,0.034,0.003,0.172,0.298,0.0,102.2
ct,2400,none,none,2350,4750,4050,,0.0,0.397,0.056,0.01,0.22,0.317,0.0,143.0
ct,2400,none,none,2400,4800,3350,,0.0,0.443,0.079,0.018,0.129,0.331,0.0,113.1
ct,2400,none,none,2450,4850,2900,,0.0,0.522,0.102,0.014,0.118,0.244,0.0,137.5
ct,2400,none,none,2500,4900,2800,,0.0,0.519,0.134,0.019,0.132,0.196,0.0,128.5
ct,2400,none,none,2550,4950,2600,,0.0,0.588,0.095,0.045,0.127,0.144,0.0,134.1
ct,2400,none,none,2600,5000,2600,,0.0,0.625,0.046,0.035,0.089,0.118,0.088,105.0
ct,2400,none,none,2650,5050,2850,,0.0,0.537,0.035,0.027,0.125,0.161,0.115,120.5
ct,2400,none,none,2700,5100,4100,,0.0,0.424,0.051,0.023,0.167,0.209,0.125,118.2
ct,2400,none,none,2750,5150,4150,,0.0,0.426,0.023,0.021,0.218,0.188,0.125,115.6
ct,2400,none,none,2800,5200,4050,,0.0,0.439,0.016,0.021,0.086,0.285,0.153,104.4
ct,2400,none,none,2850,5250,4100,,0.0,0.427,0.019,0.029,0.101,0.256,0.168,103.2
ct,2400,none,none,2900,5300,3850,,0.0,0.432,0.03,0.045,0.087,0.194,0.212,105.8
ct,2400,none,none,2950,5350,3900,,0.0,0.387,0.057,0.069,0.098,0.185,0.205,107.3
ct,2400,none,none,3000,5400,3950,,0.0,0.364,0.042,0.109,0.112,0.177,0.195,107.4
ct,2400,none,none,3050,5450,4000,,0.0,0.334,0.032,0.039,0.22,0.189,0.185,102.2
ct,2400,none,none,3100,5500,4300,,0.0,0.292,0.037,0.051,0.199,0.214,0.205,102.3
ct,2400,none,none,3150,5550,4400,,0.0,0.242,0.053,0.063,0.208,0.228,0.206,100.6
ct,2400,none,none,3200,5600,4150,,0.0,0.281,0.052,0.072,0.192,0.204,0.199,105.4
ct,2400,none,none,3250,5650,4200,,0.0,0.273,0.055,0.069,0.144,0.26,0.199,106.0
ct,2400,none,none,3300,5700,4250,,0.0,0.26,0.06,0.066,0.149,0.19,0.276,100.7
ct,2400,none,none,3350,5750,4300,,0.0,0.256,0.07,0.055,0.163,0.184,0.271,104.5
ct,2400,none,none,3400,5800,4350,,0.0,0.248,0.073,0.063,0.171,0.126,0.318,101.7
ct,2400,none,none,3450,5850,4400,,0.0,0.234,0.075,0.075,0.178,0.12,0.318,104.0
ct,2400,none,none,3500,5900,4450,,0.0,0.197,0.096,0.045,0.23,0.101,0.33,105.5
ct,2400,none,none,3550,5950,4250,,0.0,0.247,0.094,0.035,0.154,0.169,0.301,104.7
ct,2400,none,none,3600,6000,4300,,0.0,0.267,0.084,0.044,0.15,0.143,0.312,100.2
ct,2400,none,none,3650,6050,4300,,0.0,0.269,0.062,0.076,0.152,0.139,0.302,100.2
ct,2400,none,none,3700,6100,4350,,0.0,0.292,0.059,0.077,0.157,0.132,0.284,102.0
ct,2400,none,none,3750,6150,4250,,0.0,0.318,0.053,0.081,0.142,0.111,0.295,104.0
ct,2400,none,none,3800,6200,4300,,0.0,0.273,0.088,0.086,0.112,0.129,0.311,104.5
ct,2400,none,none,3850,6250,3900,,0.0,0.383,0.068,0.063,0.067,0.159,0.259,104.0
ct,2400,none,none,3900,6300,3750,,0.0,0.411,0.063,0.05,0.08,0.154,0.242,102.6
ct,2400,none,none,3950,6350,3850,,0.0,0.398,0.071,0.049,0.085,0.154,0.242,103.3
ct,2400,none,none,4000,6400,3900,,0.0,0.383,0.081,0.039,0.078,0.18,0.239,100.1
ct,2400,none,none,4050,6450,3050,,0.0,0.486,0.06,0.031,0.066,0.124,0.232,102.6
ct,2400,none,none,4100,6500,3100,,0.0,0.486,0.056,0.031,0.071,0.111,0.245,102.9
ct,2400,none,none,4150,6550,2850,,0.0,0.54,0.089,0.011,0.072,0.095,0.193,100.5
ct,2400,none,none,4200,6600,2850,,0.0,0.549,0.095,0.01,0.058,0.104,0.184,100.1
ct,2400,none,none,4250,6650,2800,,0.0,0.575,0.091,0.009,0.056,0.093,0.175,101.0
ct,2400,none,none,4300,6700,2850,,0.0,0.558,0.102,0.017,0.045,0.068,0.209,101.6
ct,2400,none,none,4350,6750,2700,,0.0,0.68,0.082,0.006,0.026,0.038,0.168,101.5
ct,2400,none,none,4400,6800,2750,,0.0,0.685,0.086,0.006,0.017,0.045,0.161,100.7
ct,2400,none,none,4450,6850,2800,,0.0,0.592,0.171,0.01,0.012,0.052,0.164,101.9
ct,2400,none,none,4500,6900,2750,,0.0,0.619,0.164,0.012,0.004,0.05,0.151,100.2
ct,2400,none,none,4550,6950,2750,,0.0,0.706,0.126,0.007,0.002,0.042,0.118,101.6
ct,2400,none,none,4600,7000,2750,,0.0,0.717,0.12,0.006,0.002,0.042,0.114,100.6
ct,2400,none,none,4650,7050,2700,,0.0,0.754,0.117,0.017,0.0,0.033,0.08,101.1
ct,2400,none,none,4700,7100,2750,,0.0,0.781,0.099,0.016,0.0,0.025,0.078,101.5
ct,2400,none,none,4750,7150,2650,,0.0,0.739,0.147,0.016,0.0,0.025,0.073,101.5
ct,2400,none,none,4800,7200,2700,,0.0,0.715,0.168,0.019,0.0,0.016,0.083,100.4
ct,2400,none,none,4850,7250,2600,,0.0,0.811,0.108,0.013,0.0,0.013,0.055,102.0
ct,2400,none,none,4900,7300,2650,,0.0,0.822,0.093,0.021,0.0,0.013,0.052,100.6
ct,2400,none,none,4950,7350,2700,,0.0,0.742,0.156,0.039,0.0,0.0,0.063,100.3
ct,2400,none,none,5000,7400,2750,,0.0,0.757,0.148,0.036,0.0,0.0,0.059,100.7
ct,2400,none,none,5050,7450,2750,,0.0,0.796,0.12,0.032,0.0,0.0,0.052,100.7
ct,2400,none,none,5100,7500,2800,,0.0,0.773,0.146,0.031,0.0,0.0,0.051,100.5
ct,2400,none,none,5150,7550,2850,,0.0,0.696,0.212,0.031,0.009,0.0,0.051,101.7
ct,2400,none,none,5200,7600,2750,,0.0,0.765,0.168,0.02,0.007,0.0,0.04,101.7
ct,2400,none,none,5250,7650,2800,,0.0,0.708,0.23,0.022,0.006,0.0,0.034,102.0
ct,2400,none,none,5300,7700,2850,,0.0,0.681,0.246,0.034,0.006,0.0,0.033,101.3
ct,2400,none,none,5350,7750,2900,,0.0,0.672,0.254,0.037,0.006,0.0,0.032,101.5
ct,2400,none,none,5400,7800,2950,,0.0,0.701,0.23,0.031,0.008,0.0,0.029,101.2
ct,2400,none,none,5450,7850,3000,,0.0,0.491,0.419,0.047,0.015,0.0,0.028,101.5
ct,2400,none,none,5500,7900,3050,,0.0,0.484,0.423,0.051,0.015,0.0,0.027,101.1
ct,2400,none,none,5550,7950,3050,,0.0,0.487,0.425,0.047,0.014,0.0,0.026,98.4
ct,2400,none,none,5600,8000,2950,,0.0,0.545,0.381,0.043,0.011,0.0,0.02,101.9
ct,2400,none,none,5650,8050,2950,,0.0,0.502,0.408,0.059,0.009,0.003,0.019,99.6
ct,2400,none,none,5700,8100,2900,,0.0,0.551,0.363,0.06,0.007,0.003,0.016,97.7
ct,2400,none,none,5750,8150,2950,,0.0,0.58,0.306,0.089,0.008,0.002,0.014,92.7
ct,2400,none,none,5800,8200,3000,,0.0,0.446,0.446,0.083,0.011,0.002,0.012,89.8
ct,2400,none,none,5850,8250,3050,,0.0,0.382,0.516,0.079,0.01,0.002,0.011,85.0
ct,2400,none,none,5900,8300,3050,,0.0,0.43,0.486,0.065,0.008,0.002,0.009,81.7
ct,2400,none,none,5950,8350,3100,,0.0,0.447,0.354,0.181,0.008,0.003,0.008,77.1
ct,2400,none,none,6000,8400,3150,,0.0,0.424,0.391,0.169,0.007,0.003,0.006,72.9
ct,2400,none,none,6050,8450,3100,,0.0,0.434,0.393,0.159,0.005,0.002,0.005,68.9
ct,2400,none,none,6100,8500,3100,,0.0,0.47,0.368,0.15,0.006,0.002,0.004,66.0
ct,2400,none,none,6150,8550,3100,,0.0,0.491,0.318,0.178,0.007,0.001,0.004,62.7
ct,2400,none,none,6200,8600,3000,,0.0,0.243,0.588,0.155,0.009,0.001,0.003,61.2
ct,2400,none,none,6250,8650,3050,,0.0,0.247,0.599,0.137,0.013,0.001,0.003,58.5
ct,2400,none,none,6300,8700,3100,,0.0,0.211,0.525,0.25,0.011,0.001,0.002,57.1
ct,2400,none,none,6350,8750,3150,,0.0,0.216,0.43,0.341,0.01,0.001,0.002,55.0
ct,2400,none,none,6400,8800,3200,,0.0,0.2,0.473,0.318,0.007,0.001,0.001,54.6
ct,2400,none,none,6450,8850,3250,,0.0,0.227,0.46,0.261,0.051,0.0,0.001,53.5
ct,2400,none,none,6500,8900,3300,,0.0,0.239,0.432,0.286,0.043,0.0,0.001,53.3
ct,2400,none,none,6550,8950,3350,,0.0,0.245,0.425,0.291,0.038,0.0,0.001,51.5
ct,2400,none,none,6600,9000,3400,,0.0,0.25,0.423,0.293,0.034,0.0,0.0,49.8
ct,2400,none,none,6650,9050,3450,,0.0,0.253,0.42,0.258,0.068,0.0,0.0,48.1
ct,2400,none,none,6700,9100,3500,,0.0,0.266,0.127,0.545,0.061,0.001,0.0,48.2
ct,2400,none,none,6750,9150,3550,,0.0,0.268,0.121,0.551,0.059,0.001,0.0,46.5
ct,2400,none,none,6800,9200,3600,,0.0,0.235,0.133,0.456,0.175,0.001,0.0,44.7
ct,2400,none,none,6850,9250,3650,,0.0,0.236,0.129,0.356,0.278,0.0,0.0,43.0
ct,2400,none,none,6900,9300,3700,,0.0,0.197,0.114,0.407,0.282,0.0,0.0,41.3
ct,2400,none,none,6950,9350,3750,,0.0,0.235,0.108,0.384,0.262,0.011,0.0,41.3
ct,2400,none,none,7000,9400,3800,,0.0,0.187,0.143,0.353,0.307,0.01,0.0,39.7
ct,2400,none,none,7050,9450,3850,,0.0,0.226,0.149,0.325,0.291,0.009,0.0,39.9
ct,2400,none,none,7100,9500,3900,,0.0,0.189,0.187,0.32,0.295,0.008,0.0,38.4
ct,2400,none,none,7150,9550,3950,,0.0,0.195,0.182,0.316,0.257,0.05,0.0,37.0
ct,2400,none,none,7200,9600,4000,,0.0,0.199,0.136,0.089,0.526,0.051,0.0,35.8
ct,2400,none,none,7250,9650,4050,,0.0,0.202,0.128,0.09,0.528,0.052,0.0,34.6
ct,2400,none,none,7300,9700,4100,,0.0,0.145,0.172,0.098,0.382,0.203,0.0,33.5
ct,2400,none,none,7350,9750,4150,,0.0,0.152,0.164,0.099,0.29,0.294,0.0,32.8
ct,2400,none,none,7400,9800,4200,,0.0,0.19,0.103,0.119,0.299,0.289,0.0,32.8
ct,2400,none,none,7450,9850,4250,,0.0,0.194,0.095,0.125,0.291,0.278,0.018,32.0
ct,2400,none,none,7500,9900,4300,,0.0,0.197,0.071,0.131,0.273,0.308,0.021,31.1
ct,2400,none,none,7550,9950,4350,,0.0,0.127,0.134,0.137,0.269,0.31,0.024,30.3
ct,2400,none,none,7600,10000,4400,,0.0,0.128,0.116,0.15,0.265,0.312,0.028,29.5
ct,2900,none,none,800,3700,3400,,0.0,0.02,0.766,0.214,0.0,0.0,0.0,103.8
ct,2900,none,none,850,3750,3450,,0.0,0.019,0.767,0.214,0.0,0.0,0.0,100.8
ct,2900,none,none,900,3800,3500,,0.0,0.0,0.462,0.538,0.0,0.0,0.0,104.2
ct,2900,none,none,950,3850,3550,,0.0,0.017,0.448,0.535,0.0,0.0,0.0,104.0
ct,2900,none,none,1000,3900,3600,,0.0,0.017,0.436,0.547,0.0,0.0,0.0,101.0
ct,2900,none,none,1050,3950,3650,,0.0,0.0,0.455,0.545,0.0,0.0,0.0,104.7
ct,2900,none,none,1100,4000,3700,,0.0,0.0,0.228,0.594,0.178,0.0,0.0,101.7
ct,2900,none,none,1150,4050,3750,,0.0,0.01,0.222,0.592,0.176,0.0,0.0,100.3
ct,2900,none,none,1200,4100,3800,,0.0,0.01,0.172,0.642,0.176,0.0,0.0,104.6
ct,2900,none,none,1250,4150,3850,,0.0,0.001,0.163,0.66,0.176,0.0,0.0,101.7
ct,2900,none,none,1300,4200,3900,,0.0,0.006,0.046,0.741,0.207,0.0,0.0,107.0
ct,2900,none,none,1350,4250,3950,,0.0,0.004,0.046,0.742,0.207,0.0,0.0,104.0
ct,2900,none,none,1400,4300,4000,,0.0,0.001,0.032,0.442,0.526,0.0,0.0,101.2
ct,2900,none,none,1450,4350,4050,,0.0,0.004,0.033,0.439,0.525,0.0,0.0,107.0
ct,2900,none,none,1500,4400,4100,,0.0,0.003,0.033,0.427,0.537,0.0,0.0,104.1
ct,2900,none,none,1550,4450,4150,,0.0,0.004,0.019,0.44,0.537,0.0,0.0,101.9
ct,2900,none,none,1600,4500,4200,,0.0,0.004,0.02,0.225,0.578,0.174,0.0,108.2
ct,2900,none,none,1650,4550,4250,,0.0,0.001,0.024,0.222,0.58,0.174,0.0,105.8
ct,2900,none,none,1700,4600,4300,,0.0,0.001,0.023,0.165,0.637,0.173,0.0,103.3
ct,2900,none,none,1750,4650,4350,,0.0,0.0,0.013,0.158,0.655,0.173,0.0,100.9
ct,2900,none,none,1800,4700,4400,,0.0,0.0,0.015,0.045,0.735,0.205,0.0,108.9
ct,2900,none,none,1850,4750,4450,,0.0,0.0,0.013,0.045,0.736,0.205,0.0,107.1
ct,2900,none,none,1900,4800,4500,,0.0,0.0,0.009,0.032,0.439,0.52,0.0,105.5
ct,2900,none,none,1950,4850,4550,,0.0,0.0,0.009,0.032,0.434,0.525,0.0,104.3
ct,2900,none,none,2000,4900,4600,,0.0,0.0,0.008,0.032,0.424,0.536,0.0,103.4
ct,2900,none,none,2050,4950,4650,,0.0,0.0,0.005,0.018,0.44,0.536,0.0,103.2
ct,2900,none,none,2100,5000,4700,,0.0,0.017,0.005,0.018,0.216,0.574,0.17,104.0
ct,2900,none,none,2150,5050,4750,,0.0,0.026,0.001,0.022,0.216,0.567,0.168,106.7
ct,2900,none,none,2200,5100,4800,,0.0,0.009,0.017,0.023,0.164,0.618,0.168,109.8
ct,2900,none,none,2250,5150,4850,,0.0,0.002,0.028,0.012,0.15,0.642,0.167,100.1
ct,2900,none,none,2300,5200,4900,,0.0,0.002,0.026,0.013,0.041,0.72,0.198,108.2
ct,2900,none,none,2350,5250,4950,,0.0,0.014,0.028,0.012,0.039,0.713,0.195,106.3
ct,2900,none,none,2400,5300,4900,,0.0,0.026,0.026,0.007,0.032,0.414,0.495,111.5
ct,2900,none,none,2450,5350,4850,,0.0,0.042,0.04,0.007,0.039,0.397,0.476,108.2
ct,2900,none,none,2500,5400,4900,,0.0,0.033,0.042,0.014,0.07,0.451,0.39,110.1
ct,2900,none,none,2550,5450,4950,,0.0,0.021,0.052,0.003,0.027,0.515,0.382,107.9
ct,2900,none,none,2600,5500,4900,,0.0,0.08,0.037,0.013,0.051,0.341,0.479,119.1
ct,2900,none,none,2650,5550,4850,,0.0,0.011,0.144,0.035,0.075,0.33,0.404,111.5
ct,2900,none,none,2700,5600,4900,,0.0,0.063,0.129,0.041,0.08,0.317,0.371,112.1
ct,2900,none,none,2750,5650,4950,,0.0,0.064,0.114,0.006,0.063,0.399,0.354,114.8
ct,2900,none,none,2800,5700,5000,,0.0,0.0,0.139,0.009,0.074,0.266,0.512,112.5
ct,2900,none,none,2850,5750,4950,,0.0,0.016,0.098,0.018,0.077,0.3,0.492,111.6
ct,2900,none,none,2900,5800,5000,,0.0,0.055,0.055,0.026,0.116,0.185,0.563,102.1
ct,2900,none,none,2950,5850,5050,,0.0,0.051,0.055,0.037,0.125,0.213,0.518,103.2
ct,2900,none,none,3000,5900,4900,,0.0,0.053,0.095,0.015,0.156,0.218,0.464,109.6
ct,2900,none,none,3050,5950,4850,,0.0,0.075,0.082,0.014,0.091,0.282,0.455,102.6
ct,2900,none,none,3100,6000,4850,,0.0,0.048,0.119,0.013,0.094,0.267,0.459,107.2
ct,2900,none,none,3150,6050,4900,,0.0,0.037,0.108,0.015,0.106,0.289,0.445,106.8
ct,2900,none,none,3200,6100,4950,,0.0,0.037,0.116,0.018,0.114,0.272,0.444,100.6
ct,2900,none,none,3250,6150,5000,,0.0,0.04,0.099,0.025,0.087,0.236,0.513,105.2
ct,2900,none,none,3300,6200,5050,,0.0,0.0,0.13,0.023,0.095,0.24,0.512,102.5
ct,2900,none,none,3350,6250,5100,,0.0,0.014,0.122,0.012,0.061,0.283,0.508,100.4
ct,2900,none,none,3400,6300,5000,,0.0,0.068,0.11,0.013,0.053,0.235,0.522,100.4
ct,2900,none,none,3450,6350,5050,,0.0,0.082,0.114,0.015,0.058,0.199,0.531,103.2
ct,2900,none,none,3500,6400,5100,,0.0,0.028,0.142,0.037,0.052,0.206,0.535,103.4
ct,2900,none,none,3550,6450,5000,,0.0,0.118,0.147,0.032,0.053,0.084,0.565,101.2
ct,2900,none,none,3600,6500,5050,,0.0,0.175,0.124,0.037,0.053,0.077,0.535,103.4
ct,2900,none,none,3650,6550,5100,,0.0,0.055,0.233,0.05,0.056,0.078,0.528,101.7
ct,2900,none,none,3700,6600,5150,,0.0,0.008,0.28,0.04,0.062,0.091,0.519,101.5
ct,2900,none,none,3750,6650,4750,,0.0,0.132,0.251,0.032,0.06,0.046,0.48,103.4
ct,2900,none,none,3800,6700,4800,,0.0,0.128,0.241,0.048,0.042,0.067,0.474,103.1
ct,2900,none,none,3850,6750,4550,,0.0,0.047,0.362,0.042,0.04,0.054,0.455,101.7
ct,2900,none,none,3900,6800,4500,,0.0,0.076,0.353,0.039,0.03,0.061,0.44,103.9
ct,2900,none,none,3950,6850,4250,,0.0,0.034,0.397,0.048,0.034,0.06,0.426,100.6
ct,2900,none,none,4000,6900,4300,,0.0,0.021,0.402,0.061,0.03,0.055,0.431,101.9
ct,2900,none,none,4050,6950,3400,,0.0,0.192,0.343,0.055,0.025,0.046,0.338,103.7
ct,2900,none,none,4100,7000,3450,,0.0,0.197,0.358,0.05,0.027,0.046,0.322,100.5
ct,2900,none,none,4150,7050,3000,,0.0,0.38,0.335,0.08,0.017,0.029,0.159,102.6
ct,2900,none,none,4200,7100,3050,,0.0,0.481,0.291,0.074,0.002,0.035,0.117,101.0
ct,2900,none,none,4250,7150,3000,,0.0,0.239,0.602,0.052,0.0,0.028,0.079,101.5
ct,2900,none,none,4300,7200,3050,,0.0,0.162,0.683,0.057,0.001,0.022,0.076,101.6
ct,2900,none,none,4350,7250,2900,,0.0,0.613,0.337,0.025,0.0,0.001,0.023,105.6
ct,2900,none,none,4400,7300,2950,,0.0,0.826,0.159,0.011,0.0,0.0,0.004,112.6
ct,2900,none,none,4450,7350,3000,,0.0,0.191,0.792,0.017,0.0,0.0,0.0,117.4
ct,2900,none,none,4500,7400,3050,,0.0,0.179,0.805,0.016,0.0,0.0,0.0,114.9
ct,2900,none,none,4550,7450,2950,,0.0,0.633,0.344,0.023,0.0,0.0,0.0,130.7
ct,2900,none,none,4600,7500,2950,,0.0,0.635,0.329,0.029,0.0,0.0,0.007,113.6
ct,2900,none,none,4650,7550,3000,,0.0,0.431,0.527,0.009,0.02,0.0,0.013,110.1
ct,2900,none,none,4700,7600,2950,,0.0,0.63,0.336,0.004,0.021,0.0,0.009,115.8
ct,2900,none,none,4750,7650,3000,,0.0,0.324,0.656,0.002,0.014,0.0,0.004,113.7
ct,2900,none,none,4800,7700,3050,,0.0,0.137,0.838,0.012,0.01,0.0,0.003,107.8
ct,2900,none,none,4850,7750,3000,,0.0,0.379,0.606,0.011,0.003,0.0,0.001,103.9
ct,2900,none,none,4900,7800,2950,,0.0,0.66,0.325,0.014,0.001,0.0,0.0,103.6
ct,2900,none,none,4950,7850,3000,,0.0,0.227,0.756,0.016,0.001,0.0,0.0,105.6
ct,2900,none,none,5000,7900,3050,,0.0,0.091,0.888,0.019,0.002,0.0,0.0,100.2
ct,2900,none,none,5050,7950,3100,,0.0,0.266,0.711,0.019,0.004,0.0,0.0,104.9
ct,2900,none,none,5100,8000,3150,,0.0,0.248,0.724,0.02,0.008,0.0,0.0,103.5
ct,2900,none,none,5150,8050,3200,,0.0,0.023,0.936,0.028,0.0,0.013,0.0,109.0
ct,2900,none,none,5200,8100,3100,,0.0,0.205,0.758,0.023,0.0,0.014,0.0,102.7
ct,2900,none,none,5250,8150,3100,,0.0,0.313,0.63,0.042,0.0,0.014,0.0,106.5
ct,2900,none,none,5300,8200,3150,,0.0,0.113,0.805,0.065,0.003,0.014,0.0,103.7
ct,2900,none,none,5350,8250,3200,,0.0,0.0,0.897,0.086,0.003,0.014,0.0,102.2
ct,2900,none,none,5400,8300,3250,,0.0,0.125,0.789,0.064,0.009,0.013,0.0,101.2
ct,2900,none,none,5450,8350,3300,,0.0,0.152,0.546,0.279,0.01,0.012,0.0,100.7
ct,2900,none,none,5500,8400,3300,,0.0,0.017,0.646,0.315,0.011,0.012,0.0,100.0
ct,2900,none,none,5550,8450,3400,,0.0,0.0,0.632,0.342,0.014,0.012,0.0,107.2
ct,2900,none,none,5600,8500,3300,,0.0,0.092,0.561,0.322,0.015,0.01,0.0,103.0
ct,2900,none,none,5650,8550,3350,,0.0,0.1,0.45,0.413,0.027,0.0,0.01,102.9
ct,2900,none,none,5700,8600,3400,,0.0,0.1,0.479,0.367,0.044,0.0,0.009,105.2
ct,2900,none,none,5750,8650,3450,,0.0,0.137,0.457,0.326,0.071,0.001,0.008,105.3
ct,2900,none,none,5800,8700,3500,,0.0,0.036,0.421,0.439,0.093,0.003,0.008,105.1
ct,2900,none,none,5850,8750,3550,,0.0,0.0,0.373,0.505,0.109,0.004,0.008,105.5
ct,2900,none,none,5900,8800,3550,,0.0,0.109,0.348,0.439,0.09,0.007,0.007,100.4
ct,2900,none,none,5950,8850,3600,,0.0,0.114,0.344,0.303,0.216,0.016,0.007,100.5
ct,2900,none,none,6000,8900,3650,,0.0,0.019,0.354,0.362,0.239,0.019,0.007,101.2
ct,2900,none,none,6050,8950,3700,,0.0,0.02,0.343,0.361,0.247,0.022,0.007,102.0
ct,2900,none,none,6100,9000,3750,,0.0,0.041,0.362,0.324,0.241,0.025,0.007,96.7
ct,2900,none,none,6150,9050,3650,,0.0,0.047,0.389,0.263,0.261,0.034,0.006,86.1
ct,2900,none,none,6200,9100,3700,,0.0,0.0,0.37,0.347,0.237,0.04,0.006,76.7
ct,2900,none,none,6250,9150,3700,,0.0,0.0,0.397,0.344,0.203,0.05,0.006,68.5
ct,2900,none,none,6300,9200,3600,,0.0,0.0,0.305,0.379,0.259,0.051,0.006,61.3
ct,2900,none,none,6350,9250,3650,,0.0,0.0,0.289,0.358,0.3,0.048,0.006,54.9
ct,2900,none,none,6400,9300,3700,,0.0,0.0,0.31,0.359,0.285,0.039,0.007,49.3
ct,2900,none,none,6450,9350,3750,,0.0,0.0,0.331,0.358,0.172,0.131,0.008,44.2
ct,2900,none,none,6500,9400,3700,,0.0,0.057,0.138,0.46,0.209,0.128,0.007,39.0
ct,2900,none,none,6550,9450,3750,,0.0,0.066,0.148,0.454,0.198,0.128,0.006,34.6
ct,2900,none,none,6600,9500,3800,,0.0,0.0,0.187,0.498,0.177,0.134,0.005,30.7
ct,2900,none,none,6650,9550,3850,,0.0,0.0,0.204,0.494,0.145,0.152,0.006,27.1
ct,2900,none,none,6700,9600,3850,,0.0,0.041,0.095,0.491,0.216,0.147,0.01,24.8
ct,2900,none,none,6750,9650,3750,,0.0,0.053,0.106,0.482,0.198,0.15,0.01,21.9
ct,3400,none,none,1000,4400,3700,,0.0,0.0,0.358,0.545,0.097,0.0,0.0,24.2
ct,3400,none,none,1050,4450,3750,,0.0,0.0,0.272,0.63,0.098,0.0,0.0,24.6
ct,3400,none,none,1100,4500,3800,,0.0,0.0,0.045,0.741,0.161,0.053,0.0,26.0
ct,3400,none,none,1150,4550,3750,,0.0,0.0,0.159,0.652,0.142,0.047,0.0,30.3
ct,3400,none,none,1200,4600,3800,,0.0,0.0,0.125,0.684,0.143,0.048,0.0,30.9
ct,3400,none,none,1250,4650,3700,,0.0,0.0,0.073,0.618,0.264,0.046,0.0,33.3
ct,3400,none,none,1300,4700,3750,,0.0,0.0,0.096,0.46,0.387,0.057,0.0,35.1
ct,3400,none,none,1350,4750,3800,,0.0,0.0,0.075,0.502,0.367,0.055,0.0,37.7
ct,3400,none,none,1400,4800,3850,,0.0,0.0,0.07,0.48,0.373,0.077,0.0,39.3
ct,3400,none,none,1450,4850,3700,,0.0,0.0,0.388,0.33,0.233,0.049,0.0,61.4
ct,3400,none,none,1500,4900,3750,,0.0,0.0,0.388,0.337,0.226,0.049,0.0,63.1
ct,3400,none,none,1550,4950,3800,,0.0,0.0,0.034,0.657,0.26,0.049,0.0,64.9
ct,3400,none,none,1600,5000,3850,,0.0,0.0,0.01,0.563,0.326,0.071,0.029,66.0
ct,3400,none,none,1650,5050,3700,,0.0,0.0,0.13,0.497,0.285,0.062,0.026,78.7
ct,3400,none,none,1700,5100,3750,,0.0,0.0,0.144,0.473,0.293,0.063,0.026,81.8
ct,3400,none,none,1750,5150,3700,,0.0,0.0,0.137,0.48,0.256,0.104,0.024,92.6
ct,3400,none,none,1800,5200,3750,,0.0,0.0,0.132,0.487,0.196,0.156,0.03,96.3
ct,3400,none,none,1850,5250,3800,,0.0,0.0,0.014,0.58,0.221,0.155,0.03,98.7
ct,3400,none,none,1900,5300,3850,,0.0,0.0,0.017,0.57,0.213,0.16,0.04,101.0
ct,3400,none,none,1950,5350,3900,,0.0,0.0,0.033,0.539,0.232,0.158,0.038,100.6
ct,3400,none,none,2000,5400,3950,,0.0,0.0,0.019,0.542,0.242,0.158,0.038,100.8
ct,3400,none,none,2050,5450,4000,,0.0,0.0,0.001,0.307,0.47,0.184,0.038,100.8
ct,3400,none,none,2100,5500,4050,,0.0,0.0,0.001,0.292,0.401,0.233,0.074,101.0
ct,3400,none,none,2150,5550,4100,,0.0,0.0,0.001,0.284,0.407,0.234,0.074,101.2
ct,3400,none,none,2200,5600,4150,,0.0,0.0,0.014,0.279,0.391,0.242,0.074,100.9
ct,3400,none,none,2250,5650,4200,,0.0,0.0,0.015,0.172,0.453,0.241,0.12,101.4
ct,3400,none,none,2300,5700,4250,,0.0,0.0,0.001,0.172,0.464,0.187,0.177,101.8
ct,3400,none,none,2350,5750,4300,,0.0,0.0,0.001,0.059,0.552,0.211,0.176,102.4
ct,3400,none,none,2400,5800,4350,,0.0,0.0,0.001,0.049,0.549,0.207,0.193,103.1
ct,3400,none,none,2450,5850,4400,,0.0,0.0,0.0,0.046,0.53,0.229,0.194,100.5
ct,3400,none,none,2500,5900,4450,,0.0,0.0,0.001,0.033,0.532,0.24,0.194,101.7
ct,3400,none,none,2550,5950,4500,,0.0,0.0,0.002,0.017,0.298,0.465,0.218,103.0
ct,3400,none,none,2600,6000,4550,,0.0,0.0,0.0,0.016,0.282,0.397,0.304,100.7
ct,3400,none,none,2650,6050,4600,,0.0,0.0,0.0,0.016,0.275,0.403,0.305,102.4
ct,3400,none,none,2700,6100,4650,,0.0,0.0,0.0,0.015,0.274,0.392,0.319,100.6
ct,3400,none,none,2750,6150,4700,,0.0,0.0,0.0,0.015,0.165,0.456,0.364,103.0
ct,3400,none,none,2800,6200,4750,,0.0,0.0,0.0,0.002,0.162,0.468,0.367,101.9
ct,3400,none,none,2850,6250,4800,,0.0,0.0,0.0,0.001,0.054,0.552,0.393,101.4
ct,3400,none,none,2900,6300,4850,,0.0,0.0,0.01,0.001,0.042,0.543,0.404,102.6
ct,3400,none,none,2950,6350,4900,,0.0,0.0,0.011,0.001,0.042,0.521,0.425,103.6
ct,3400,none,none,3000,6400,4950,,0.0,0.0,0.03,0.011,0.024,0.508,0.427,101.4
ct,3400,none,none,3050,6450,5000,,0.0,0.0,0.063,0.012,0.009,0.262,0.654,100.1
ct,3400,none,none,3100,6500,5050,,0.0,0.0,0.06,0.037,0.013,0.26,0.63,101.3
ct,3400,none,none,3150,6550,5100,,0.0,0.0,0.024,0.063,0.022,0.266,0.625,108.2
ct,3400,none,none,3200,6600,5150,,0.0,0.0,0.015,0.071,0.033,0.29,0.591,110.0
ct,3400,none,none,3250,6650,5200,,0.0,0.0,0.016,0.049,0.049,0.214,0.673,106.5
ct,3400,none,none,3300,6700,5050,,0.0,0.0,0.015,0.042,0.017,0.277,0.648,100.9
ct,3400,none,none,3350,6750,5100,,0.0,0.0,0.019,0.032,0.023,0.213,0.713,103.2
ct,3400,none,none,3400,6800,5100,,0.0,0.0,0.056,0.037,0.03,0.209,0.668,107.5
ct,3400,none,none,3450,6850,5100,,0.0,0.0,0.063,0.052,0.03,0.223,0.631,109.1
ct,3400,none,none,3500,6900,5150,,0.0,0.0,0.029,0.115,0.037,0.196,0.624,104.1
ct,3400,none,none,3550,6950,5050,,0.0,0.0,0.123,0.105,0.042,0.174,0.556,107.9
ct,3400,none,none,3600,7000,5000,,0.0,0.0,0.198,0.083,0.049,0.162,0.508,106.2
ct,3400,none,none,3650,7050,4850,,0.0,0.0,0.091,0.172,0.023,0.241,0.472,104.8
ct,3400,none,none,3700,7100,4900,,0.0,0.0,0.0,0.22,0.034,0.247,0.499,107.4
ct,3400,none,none,3750,7150,4950,,0.0,0.0,0.088,0.17,0.034,0.244,0.465,107.1
ct,3400,none,none,3800,7200,5000,,0.0,0.0,0.129,0.132,0.038,0.145,0.555,100.1
ct,3400,none,none,3850,7250,4750,,0.0,0.0,0.301,0.152,0.029,0.104,0.414,103.7
ct,3400,none,none,3900,7300,4700,,0.0,0.0,0.321,0.151,0.026,0.097,0.405,107.3
ct,3400,none,none,3950,7350,4750,,0.0,0.0,0.025,0.436,0.024,0.095,0.42,107.9
ct,3400,none,none,4000,7400,4800,,0.0,0.0,0.0,0.451,0.003,0.118,0.429,101.7
ct,3400,none,none,4050,7450,4550,,0.0,0.0,0.097,0.392,0.002,0.103,0.405,102.0
ct,3400,none,none,4100,7500,4600,,0.0,0.0,0.139,0.355,0.003,0.077,0.426,104.6
ct,3400,none,none,4150,7550,4000,,0.0,0.0,0.133,0.343,0.057,0.071,0.396,102.7
ct,3400,none,none,4200,7600,4050,,0.0,0.0,0.138,0.341,0.064,0.044,0.414,103.9
ct,3400,none,none,4250,7650,4100,,0.0,0.0,0.078,0.407,0.065,0.048,0.402,103.9
ct,3400,none,none,4300,7700,4150,,0.0,0.0,0.043,0.434,0.073,0.032,0.417,103.8
ct,3400,none,none,4350,7750,3700,,0.0,0.0,0.28,0.327,0.07,0.015,0.308,104.9
ct,3400,none,none,4400,7800,3700,,0.0,0.0,0.328,0.309,0.065,0.018,0.281,102.2
ct,3400,none,none,4450,7850,3700,,0.0,0.0,0.047,0.532,0.124,0.022,0.274,101.8
ct,3400,none,none,4500,7900,3750,,0.0,0.0,0.012,0.568,0.127,0.012,0.281,103.1
ct,3400,none,none,4550,7950,3600,,0.0,0.0,0.226,0.485,0.078,0.002,0.21,102.2
ct,3400,none,none,4600,8000,3650,,0.0,0.0,0.286,0.463,0.065,0.002,0.184,100.9
ct,3400,none,none,4650,8050,3500,,0.0,0.0,0.452,0.447,0.011,0.007,0.083,102.2
ct,3400,none,none,4700,8100,3450,,0.0,0.0,0.564,0.364,0.01,0.003,0.059,100.4
ct,3400,none,none,4750,8150,3500,,0.0,0.0,0.197,0.735,0.013,0.005,0.05,102.8
ct,3400,none,none,4800,8200,3550,,0.0,0.0,0.062,0.843,0.04,0.008,0.047,103.1
ct,3400,none,none,4850,8250,3400,,0.0,0.0,0.528,0.45,0.013,0.0,0.009,106.7
ct,3400,none,none,4900,8300,3450,,0.0,0.0,0.81,0.185,0.004,0.0,0.001,104.8
ct,3400,none,none,4950,8350,3500,,0.0,0.0,0.296,0.697,0.005,0.002,0.0,102.0
ct,3400,none,none,5000,8400,3550,,0.0,0.0,0.222,0.754,0.016,0.007,0.001,110.0
ct,3400,none,none,5050,8450,3600,,0.0,0.0,0.373,0.569,0.034,0.02,0.004,100.7
ct,3400,none,none,5100,8500,3600,,0.0,0.0,0.203,0.7,0.044,0.036,0.017,101.9
ct,3400,none,none,5150,8550,3550,,0.0,0.0,0.068,0.844,0.035,0.0,0.054,109.1
ct,3400,none,none,5200,8600,3550,,0.0,0.0,0.396,0.54,0.032,0.002,0.03,102.3
ct,3400,none,none,5250,8650,3450,,0.0,0.0,0.635,0.315,0.022,0.009,0.018,114.7
ct,3400,none,none,5300,8700,3500,,0.0,0.0,0.248,0.689,0.027,0.019,0.017,114.2
ct,3400,none,none,5350,8750,3550,,0.0,0.0,0.013,0.905,0.038,0.029,0.015,110.7
ct,3400,none,none,5400,8800,3600,,0.0,0.0,0.176,0.742,0.025,0.045,0.013,105.5
ct,3400,none,none,5450,8850,3650,,0.0,0.0,0.298,0.545,0.102,0.029,0.026,109.8
ct,3400,none,none,5500,8900,3700,,0.0,0.0,0.099,0.736,0.103,0.034,0.028,107.2
ct,3400,none,none,5550,8950,3750,,0.0,0.0,0.0,0.823,0.103,0.04,0.034,104.3
ct,3400,none,none,5600,9000,3600,,0.0,0.0,0.288,0.574,0.074,0.035,0.03,109.2
ct,3400,none,none,5650,9050,3650,,0.0,0.0,0.355,0.507,0.068,0.035,0.035,107.5
ct,3400,none,none,5700,9100,3500,,0.0,0.0,0.175,0.708,0.053,0.025,0.039,102.2
ct,3400,none,none,5750,9150,3550,,0.0,0.0,0.206,0.678,0.057,0.021,0.038,100.7
ct,3400,none,none,5800,9200,3600,,0.0,0.0,0.055,0.746,0.146,0.007,0.046,106.7
ct,3400,none,none,5850,9250,3650,,0.0,0.0,0.055,0.596,0.295,0.008,0.046,106.9
ct,3400,none,none,5900,9300,3700,,0.0,0.0,0.174,0.542,0.241,0.006,0.038,106.1
ct,3400,none,none,5950,9350,3750,,0.0,0.0,0.19,0.523,0.206,0.042,0.039,106.5
ct,3400,none,none,6000,9400,3800,,0.0,0.0,0.136,0.598,0.193,0.036,0.037,105.0
ct,3400,none,none,6050,9450,3750,,0.0,0.0,0.19,0.52,0.214,0.039,0.038,102.4
ct,3400,none,none,6100,9500,3800,,0.0,0.0,0.1,0.626,0.194,0.042,0.038,100.2
ct,3400,none,none,6150,9550,3850,,0.0,0.0,0.064,0.645,0.194,0.055,0.043,104.5
ct,3400,none,none,6200,9600,3700,,0.0,0.0,0.156,0.442,0.313,0.037,0.052,104.5
ct,3400,none,none,6250,9650,3750,,0.0,0.0,0.207,0.405,0.3,0.037,0.052,104.8
ct,3400,none,none,6300,9700,3800,,0.0,0.0,0.041,0.529,0.298,0.08,0.052,102.5
ct,3400,none,none,6350,9750,3850,,0.0,0.0,0.027,0.549,0.221,0.153,0.051,102.5
ct,3400,none,none,6400,9800,3800,,0.0,0.0,0.16,0.457,0.208,0.131,0.045,100.5
ct,3400,none,none,6450,9850,3850,,0.0,0.0,0.152,0.467,0.204,0.103,0.073,100.4
ct,3400,none,none,6500,9900,3850,,0.0,0.0,0.081,0.509,0.223,0.119,0.068,104.2
ct,3400,none,none,6550,9950,3850,,0.0,0.0,0.113,0.504,0.188,0.131,0.064,102.0
ct,3400,none,none,6600,10000,3900,,0.0,0.0,0.059,0.484,0.261,0.134,0.062,102.7
ct,3400,none,none,6650,10050,3950,,0.0,0.0,0.015,0.502,0.282,0.137,0.063,102.8
ct,3400,none,none,6700,10100,3900,,0.0,0.0,0.093,0.445,0.189,0.217,0.055,103.7
ct,3400,none,none,6750,10150,3950,,0.0,0.0,0.1,0.436,0.184,0.225,0.054,103.7
ct,3400,none,none,6800,10200,4000,,0.0,0.0,0.0,0.412,0.281,0.22,0.088,103.7
ct,3400,none,none,6850,10250,4050,,0.0,0.0,0.0,0.386,0.297,0.163,0.153,103.7
ct,3400,none,none,6900,10300,4100,,0.0,0.0,0.0,0.384,0.272,0.189,0.156,103.7
ct,3400,none,none,6950,10350,4150,,0.0,0.0,0.018,0.354,0.281,0.192,0.155,103.9
ct,3400,none,none,7000,10400,4200,,0.0,0.0,0.019,0.249,0.343,0.198,0.191,103.9
ct,3400,none,none,7050,10450,4250,,0.0,0.0,0.017,0.268,0.339,0.179,0.196,95.9
ct,3400,none,none,7100,10500,4300,,0.0,0.0,0.021,0.216,0.347,0.222,0.194,87.6
ct,3400,none,none,7150,10550,4350,,0.0,0.0,0.0,0.208,0.37,0.229,0.192,79.5
ct,3400,none,none,7200,10600,4400,,0.0,0.0,0.0,0.209,0.355,0.119,0.317,71.7
ct,3400,none,none,7250,10650,4450,,0.0,0.0,0.0,0.224,0.344,0.108,0.324,64.2
ct,3400,none,none,7300,10700,4500,,0.0,0.0,0.0,0.067,0.423,0.166,0.343,57.1
ct,3400,none,none,7350,10750,4500,,0.0,0.0,0.03,0.072,0.393,0.161,0.343,51.2
ct,3400,none,none,7400,10800,4450,,0.0,0.0,0.037,0.078,0.387,0.137,0.362,45.0
ct,3400,none,none,7450,10850,4500,,0.0,0.0,0.0,0.127,0.365,0.135,0.372,39.3
ct,3400,none,none,7500,10900,4550,,0.0,0.0,0.0,0.141,0.29,0.176,0.393,34.3
ct,3400,none,none,7550,10950,4600,,0.0,0.0,0.0,0.123,0.31,0.163,0.405,29.8
ct,3400,none,none,7600,11000,4650,,0.0,0.0,0.0,0.137,0.258,0.171,0.434,25.9
